CustomerAge,AccountBalance,TransactionAmount_capped,LoginAttempts,TransactionDuration,Target,Cluster
70.0,5112.21,16.055,1.0,81.0,2,2
68.0,13758.91,376.24,1.0,141.0,3,3
19.0,1122.35,126.29,1.0,56.0,1,1
26.0,8569.06,184.5,1.0,25.000000000000004,1,1
44.67844382691544,7429.4,16.055,1.0,198.0,3,3
18.0,781.68,92.15,1.0,172.0,1,1
37.0,13316.71,16.055,1.0,139.0,3,3
67.0,2796.24,171.42,1.0,291.0,2,2
51.0,9095.14,106.23,1.0,86.0,3,3
55.0,1021.8800000000001,815.9600000000002,1.0,120.0,0,0
52.0,7599.5199999999995,17.78,1.0,59.00000000000001,3,3
21.0,1528.81,190.02,1.0,173.0,1,1
24.0,1620.02,494.52000000000004,1.0,111.0,1,1
26.0,189.69,781.76,1.0,123.0,0,0
18.0,299.93,166.99,1.0,134.0,1,1
36.0,3465.54,465.44999999999993,1.0,129.0,0,0
19.0,1131.26,555.8,1.0,158.0,1,1
39.0,5109.97,492.92999999999995,1.0,234.0,0,0
59.0,7948.369999999999,18.68,1.0,106.0,3,3
18.0,6568.59,71.48,1.0,169.0,1,1
71.0,5750.89,59.32,1.0,37.99999999999999,2,2
38.0,9146.19,85.77,1.0,93.0,3,3
39.0,8974.93,52.2,1.0,120.0,3,3
22.0,1402.5,345.84,3.0,142.0,1,1
21.0,1930.96,145.54,1.0,96.0,1,1
65.0,3634.67,16.055,1.0,276.0,2,2
23.0,673.3499999999999,246.92999999999998,5.0,158.0,1,1
37.0,2686.52,40.32,1.0,95.0,1,1
44.0,1772.06,127.45,1.0,197.0,1,1
27.0,1351.69,56.17,1.0,283.0,1,1
59.0,8334.47,28.31,1.0,20.0,2,2
29.0,9823.64,59.11999999999999,1.0,257.0,3,3
49.0,9690.15,396.45,3.0,168.00000000000003,3,3
22.0,399.0,877.8100000000001,1.0,150.0,0,0
45.0,14815.87,255.26,1.0,50.00000000000001,3,3
49.0,5764.72,124.75999999999999,1.0,45.0,2,2
26.0,900.61,78.13,1.0,145.0,1,1
75.0,4875.86,649.28,1.1216216216216217,137.0,0,0
66.0,7914.879999999999,795.31,2.0,90.0,0,0
55.0,1019.39,335.63,1.0,215.99999999999997,2,2
63.0,4323.66,328.47,1.0,119.0,2,2
38.0,14214.48,34.02,1.0,18.999999999999996,3,3
57.0,13357.02,241.42,1.0,116.00000000000001,3,3
19.0,241.79000000000002,55.32,1.0,117.0,1,1
27.0,868.61,304.31,1.0,33.0,1,1
74.0,4673.28,435.27000000000004,1.0,90.0,2,2
26.0,1509.27,164.49,1.0,75.0,1,1
19.0,781.7,510.23999999999995,1.0,105.0,1,1
26.0,265.51,626.9,1.0,138.0,0,0
41.0,1335.09,22.01,1.0,175.0,1,1
69.0,3907.5399999999995,425.34,1.0,121.0,2,2
51.0,5183.85,424.56,1.0,264.0,2,2
67.0,14904.9,85.43,1.0,145.0,3,3
28.0,918.8799999999999,169.5,1.0,142.0,1,1
62.0,4477.78,104.63,1.0,90.0,2,2
25.0,1324.03,316.95,1.0,83.0,1,1
57.0,3534.93,60.54,1.0,52.00000000000001,2,2
68.0,4638.37,292.56,1.0,61.00000000000001,2,2
48.0,5630.61,386.52,1.0,28.0,2,2
23.0,930.3,112.07,1.0,51.00000000000001,1,1
46.0,5499.91,568.5200000000001,1.0,151.99999999999997,0,0
79.0,4175.02,263.99,2.0,227.0,2,2
48.0,6651.62,349.64,1.0,226.0,3,3
56.0,8458.29,601.4,1.0,104.0,0,0
50.0,13988.12,16.055,1.0,123.99999999999999,3,3
42.0,2585.07,201.33,1.0,186.0,1,1
56.0,3014.75,298.42,1.0,225.0,2,2
25.0,1951.42,521.06,1.0,128.0,1,1
60.0,3665.77,117.28,1.0,16.0,2,2
32.0,977.01,189.12,1.0,103.0,1,1
44.0,3846.2800000000007,133.55,1.0,220.0,2,2
35.0,6374.82,143.21,1.0,135.0,1,1
62.0,5866.01,24.77,1.0,55.0,2,2
26.0,6537.62,233.91999999999996,1.0,280.0,1,1
20.0,605.9499999999999,878.22,1.0,24.0,0,0
37.0,6689.87,232.12000000000003,1.0,51.00000000000001,3,3
22.0,634.17,283.63535643170053,1.0,113.0,1,1
44.0,14676.05,91.53,1.0,69.00000000000001,3,3
19.0,1362.39,120.29,1.0,77.0,1,1
50.0,10528.34,174.25,1.0,67.0,3,3
38.0,552.52,183.71,1.0,102.0,1,1
58.0,6451.96,345.39,1.0,80.0,2,2
63.0,4715.84,878.22,1.0,87.0,0,0
49.0,7176.86,259.91,1.0,170.0,3,3
34.0,1523.72,154.71,1.0,157.0,1,1
54.0,8654.28,878.22,1.0,30.0,0,0
64.0,9869.93,24.56,1.0,69.00000000000001,3,3
48.0,10556.81,568.0700000000002,1.0,115.0,0,0
58.0,12883.91,16.055,1.0,179.0,3,3
24.0,791.65,392.96,1.0,100.00000000000001,1,1
60.0,4064.02,716.93,1.0,34.0,0,0
53.0,2929.91,223.84999999999997,4.0,55.0,2,2
21.0,618.05,230.65999999999997,1.0,135.0,1,1
19.0,1375.8,442.12000000000006,1.1216216216216217,260.0,1,1
29.0,1143.52,644.1700000000001,1.0,72.0,0,0
51.0,7708.41,508.68,1.0,127.0,0,0
27.0,1872.96,858.63,1.0,185.0,0,0
57.0,201.04,25.36,1.0,78.0,2,2
71.0,2115.8,147.62,1.0,133.0,2,2
37.0,7643.66,115.01999999999998,1.0,175.0,3,3
30.0,8901.93,383.37,1.0,24.0,0,0
20.0,9383.43,98.54,1.0,167.0,1,1
55.0,1181.31,83.24,1.0,164.0,2,2
27.0,9418.86,196.16,1.0,146.0,1,1
32.0,7954.919999999999,129.94,1.0,235.0,3,3
46.0,9418.08,306.9,1.0,51.00000000000001,3,3
59.0,6144.68,114.98000000000002,1.0,80.0,2,2
27.0,420.65,756.5900000000001,1.0,17.0,0,0
22.0,447.82,503.76000000000005,1.0,35.0,1,1
63.0,7981.450000000001,143.03,1.0,147.0,2,2
53.0,1829.9,878.22,1.0,73.0,0,0
25.0,985.0600000000001,245.54000000000002,1.0,180.0,1,1
51.0,8849.26,254.37,1.0,174.0,3,3
78.0,3528.72,213.76,1.0,282.0,2,2
40.0,480.16,327.86,1.0,104.0,1,1
47.0,12145.27,16.055,1.0,107.0,3,3
68.0,13546.75,300.08,1.0,47.0,3,3
43.0,5688.37,56.980000000000004,2.0,122.0,3,3
26.0,8346.64,407.65,1.0,61.99999999999999,1,1
39.0,6481.04,115.83,1.0,167.0,3,3
69.0,1651.33,53.57,1.0,121.0,2,2
46.0,11174.94,63.34,1.0,165.0,3,3
27.0,145.5,317.87,1.0,91.0,1,1
41.0,4172.57,331.65,1.0,61.00000000000001,1,1
56.0,5558.36,16.055,1.0,41.0,2,2
70.0,11151.53,214.54,1.0,247.0,3,3
57.0,1415.52,598.8100000000001,1.0,158.0,0,0
26.0,1103.64,841.28,1.0,80.0,0,0
26.0,303.68,38.15,1.0,107.99999999999999,1,1
58.0,5541.57,878.22,1.0,144.0,0,0
33.0,6309.8,124.72,1.0,105.0,1,1
78.0,5133.61,302.45,1.0,40.0,2,2
47.0,9344.98,208.04,1.0,273.0,3,3
23.0,1117.97,16.055,1.0,254.0,1,1
56.0,11835.35,381.33,1.0,75.0,3,3
50.0,14401.17,16.16,1.0,123.99999999999999,3,3
18.0,1748.69,486.08000000000004,1.0,68.00000000000001,1,1
21.0,1000.46,336.39,1.0,18.0,1,1
69.0,6810.05,878.22,1.0,118.0,0,0
23.0,263.98,234.56999999999996,1.0,120.0,1,1
30.0,5442.76,16.055,1.0,246.0,1,1
80.0,2037.85,878.22,1.0,21.000000000000004,0,0
18.0,341.94,227.14,1.0,294.0,1,1
66.0,1066.59,233.74,1.0,17.0,2,2
69.0,6077.96,283.63535643170053,1.0,166.0,2,2
20.0,1659.15,45.85,1.0,91.99999999999999,1,1
77.0,2042.22,878.22,1.0,296.0,0,0
41.0,421.93,283.63535643170053,5.0,142.0,1,1
66.0,10113.66,415.5,1.0,141.0,3,3
54.0,4446.17,265.76,1.0,91.99999999999999,2,2
80.0,6452.77,69.4,1.0,113.0,2,2
35.0,2788.2,332.93,1.0,293.0,1,1
20.0,596.1599999999999,267.9,1.0,160.0,1,1
61.0,12904.66,496.03,1.0,265.0,3,3
37.0,9062.4,376.26,1.0,245.0,3,3
36.0,9009.56,83.02,1.0,171.0,3,3
20.0,1152.2,93.26,1.0,72.0,1,1
68.0,12168.37,803.3700000000001,1.0,129.0,0,0
23.0,611.8599999999999,35.76,1.0,122.0,1,1
62.0,8670.53,28.530000000000005,1.0,99.0,3,3
53.0,10098.86,139.53,1.0,177.0,3,3
33.0,5307.74,307.57,1.0,285.0,1,1
56.0,1047.28,60.65,1.0,53.00000000000001,2,2
70.0,6921.48,74.86,1.0,125.0,2,2
51.0,1475.46,283.63535643170053,1.0,137.0,2,2
34.0,112.76,231.91,1.0,165.0,1,1
75.0,5669.66,126.21,1.0,268.0,2,2
53.0,1309.95,506.2799999999999,2.0,162.0,0,0
31.0,4057.1,304.35,1.0,36.0,1,1
22.0,1585.98,281.85,1.0,109.0,1,1
31.0,6825.55,777.8800000000001,1.0,17.0,0,0
56.0,5516.5,119.18,1.0,96.0,2,2
76.0,5343.3,177.19,1.0,43.0,2,2
22.0,903.05,260.88,1.0,36.0,1,1
24.0,1806.16,169.47,1.0,18.999999999999996,1,1
26.0,787.7399999999999,73.23,1.0,14.0,1,1
29.0,2429.68,878.22,1.0,106.0,0,0
19.0,770.37,792.5700000000002,1.0,164.0,0,0
71.0,1182.77,237.06,1.0,45.99999999999999,2,2
54.0,726.55,34.17,1.0,53.99999999999999,2,2
41.0,14464.3,740.25,1.0,123.0,0,0
58.0,12046.3,453.54000000000013,1.0,82.0,3,3
73.0,7885.64,300.47,1.0,100.00000000000001,2,2
19.0,1952.3499999999997,110.92999999999999,1.0,201.0,1,1
59.0,7328.52,201.69,1.0,299.0,3,3
59.0,3210.39,399.21,1.0,109.0,2,2
78.0,5726.2,878.22,1.0,57.0,0,0
62.0,1363.65,630.36,1.0,52.00000000000001,0,0
60.0,1241.99,16.055,1.0,245.0,2,2
38.0,7873.280000000001,215.9,1.0,235.0,3,3
79.0,5674.32,878.22,1.0,165.0,0,0
49.0,9840.04,226.37,1.0,141.0,3,3
43.0,10328.23,444.89,1.0,101.0,3,3
25.0,293.24,280.57,1.0,24.0,1,1
52.0,7486.63,488.54000000000013,1.0,132.0,0,0
50.0,11385.37,16.055,1.0,131.0,3,3
69.0,7264.79,199.39,1.0,165.0,2,2
62.0,2762.48,20.36,1.0,75.0,2,2
44.67844382691544,6675.03,113.64000000000001,1.0,32.0,3,3
53.0,7432.99,493.11,1.0,236.0,0,0
19.0,1057.0,307.41,1.0,14.0,1,1
43.0,5956.89,16.055,1.0,161.0,3,3
59.0,7261.59,313.82,1.0,151.0,2,2
64.0,4943.16,51.0,1.1216216216216217,107.0,2,2
60.0,8127.4800000000005,140.98,1.0,100.00000000000001,2,2
68.0,1748.02,288.04,1.0,63.0,2,2
31.0,9660.22,800.5500000000001,1.0,107.99999999999999,0,0
46.0,6371.51,485.53999999999996,1.0,143.0,0,0
54.0,9442.47,521.15,1.0,214.0,0,0
63.0,5959.2,321.79,1.0,119.42293906810038,2,2
65.0,13531.22,304.93,1.0,158.0,3,3
40.0,11500.62,432.08,1.0,145.0,3,3
61.0,1389.37,694.2,1.0,72.0,0,0
55.0,6706.56,116.86000000000001,1.0,171.0,2,2
57.0,7175.29,283.63535643170053,1.0,149.0,2,2
25.0,420.67,74.88,1.0,202.0,1,1
75.0,7323.53,283.63535643170053,1.0,99.0,2,2
50.0,8395.85,134.7,1.1216216216216217,106.0,3,3
33.0,5140.93,878.22,1.0,161.0,0,0
63.0,7945.57,361.27,1.0,180.0,2,2
44.0,5873.54,131.56,1.0,42.00000000000001,3,3
76.0,3074.45,485.5100000000001,1.0,37.0,2,2
64.0,6155.76,547.8700000000001,1.0,131.0,0,0
28.0,8318.29,457.3,1.0,15.0,0,0
58.0,230.09,506.24000000000007,1.0,64.0,0,0
57.0,2513.56,486.59,1.0,119.0,0,0
41.0,10090.05,163.68,1.0,292.0,3,3
22.0,480.19000000000005,581.65,1.0,176.0,1,1
48.0,1120.88,52.01,1.0,85.0,1,1
21.0,370.81,630.24,1.0,61.99999999999999,0,0
43.0,13498.55,523.74,1.0,159.0,0,0
40.0,14804.7,705.6,3.0,123.99999999999999,0,0
46.0,3057.4,217.5,1.0,35.0,1,1
51.0,14942.779999999999,91.48,1.0,141.0,3,3
39.0,14143.32,16.055,1.0,49.0,3,3
56.0,6736.3,54.03,1.0,161.0,2,2
48.0,3313.07,736.7300000000001,1.0,10.0,0,0
54.0,829.7099999999999,368.91,1.0,14.0,2,2
53.0,1540.87,33.06,1.0,170.0,2,2
32.0,6820.23,66.5,1.0,144.0,1,1
35.0,13475.14,177.08,1.0,85.0,3,3
32.0,714.4499999999999,588.54,1.0,130.0,0,0
21.0,1306.91,173.5,1.0,282.0,1,1
56.0,7255.33,78.33,1.0,189.0,3,3
59.0,1153.84,40.66,1.0,156.0,2,2
77.0,6647.73,97.22,1.0,55.0,2,2
22.0,8709.77,34.07,1.0,81.0,1,1
23.0,857.9,492.05999999999995,1.0,74.0,1,1
53.0,509.45000000000005,842.01,1.0,185.0,0,0
51.0,2812.06,73.55,1.0,158.0,2,2
57.0,6179.91,760.53,1.0,118.0,0,0
44.67844382691544,6609.3,273.08,1.0,134.0,3,3
67.0,3484.32,371.69,1.0,143.0,2,2
18.0,754.21,218.95999999999998,1.0,13.0,1,1
18.0,751.09,227.38999999999996,1.0,65.0,1,1
39.0,8510.09,237.99,1.0,86.0,3,3
58.0,1508.72,186.6,1.0,13.0,2,2
18.0,511.36999999999995,341.15,1.0,148.0,1,1
59.0,12648.32,434.5799999999999,1.0,215.0,3,3
54.0,233.21,312.88,1.0,44.0,1,1
23.0,1092.92,75.15,1.0,154.0,1,1
59.0,6711.15,23.3,1.0,161.0,2,2
25.0,459.37,47.38,1.0,61.00000000000001,1,1
79.0,6994.34,512.8100000000001,1.0,30.0,2,2
43.0,7071.09,488.15,1.0,168.00000000000003,0,0
44.0,9045.19,16.055,1.0,156.0,3,3
79.0,5238.71,66.9,4.0,129.0,2,2
43.0,9642.12,535.9100000000001,1.0,22.0,0,0
26.0,6263.96,270.72,1.0,53.00000000000001,1,1
72.0,7460.329999999999,97.98,1.0,18.0,2,2
61.0,4233.82,196.08,1.0,98.0,2,2
42.0,8303.9,251.17999999999998,1.0,246.0,3,3
28.0,314.28,44.52,1.0,205.0,1,1
35.0,5241.23,178.87,1.0,180.0,1,1
54.0,323.69,878.22,5.0,174.0,2,2
46.0,6863.06,386.68,1.0,128.0,3,3
76.0,3877.7299999999996,167.14,1.0,20.0,2,2
69.0,4046.5800000000004,345.22,1.0,253.0,2,2
72.0,2409.73,74.85,1.0,117.0,2,2
58.0,5211.88,671.73,1.0,53.99999999999999,0,0
45.0,6217.86,255.04,1.0,151.99999999999997,3,3
25.0,5978.12,45.77,1.0,109.0,1,1
26.0,1671.66,329.69,1.0,66.0,1,1
58.0,8421.88,362.04,2.0,198.0,3,3
53.0,14611.9,16.055,1.0,52.00000000000001,3,3
64.0,8253.52,47.42,1.0,28.0,2,2
63.0,4489.79,35.99,1.0,129.0,2,2
37.0,11903.82,151.19,1.0,96.0,3,3
22.0,483.02000000000004,242.62000000000003,1.0,234.0,1,1
21.0,816.0799999999999,48.72,1.0,17.0,1,1
25.0,578.06,43.46,1.0,80.0,1,1
25.0,477.3,878.22,1.0,126.0,0,0
53.0,3133.85,443.7900000000001,1.0,87.0,0,0
68.0,5894.09,365.14,1.0,57.0,2,2
22.0,9532.42,757.4100000000001,1.0,37.0,0,0
51.0,5327.03,20.54,1.0,72.0,2,2
34.0,2000.6,475.36,1.0,105.0,1,1
56.0,6827.57,34.74,1.0,24.0,2,2
27.0,1633.76,689.5400000000001,1.0,93.0,0,0
73.0,4069.1699999999996,211.18,1.0,90.0,2,2
51.0,7943.469999999999,211.36,1.0,286.0,3,3
39.0,8842.47,744.41,1.0,107.0,0,0
24.0,1882.77,61.43,1.0,170.0,1,1
37.0,12526.71,167.44,1.0,82.0,3,3
21.0,4737.84,361.46,1.0,83.0,1,1
78.0,2300.53,378.85,1.0,126.0,2,2
30.0,12385.05,241.10999999999999,1.0,55.0,3,3
31.0,4547.06,131.93,1.0,13.0,1,1
36.0,2047.83,20.28,1.0,213.0,1,1
70.0,10008.33,415.88,1.0,170.0,3,3
62.0,2299.64,49.99,1.0,119.42293906810038,2,2
27.0,243.92,878.22,1.0,153.0,0,0
50.0,14473.33,100.66,1.0,144.0,3,3
19.0,1533.32,485.53999999999996,1.0,148.0,1,1
46.0,7005.05,321.15,1.0,179.0,3,3
21.0,955.4,711.3,1.0,51.00000000000001,0,0
42.0,7844.880000000001,16.055,1.0,139.0,3,3
20.0,221.56,350.94,1.0,64.0,1,1
54.0,6586.19,301.85,1.0,25.000000000000004,2,2
65.0,3944.82,29.34,1.0,30.0,2,2
27.0,1127.98,231.70999999999998,1.0,148.0,1,1
58.0,2626.63,179.43,1.0,244.0,2,2
48.0,6459.38,36.71,1.0,55.0,3,3
53.0,1649.69,138.12,1.0,281.0,2,2
33.0,6939.23,233.24,1.0,72.0,1,1
39.0,9033.87,609.14,1.0,177.0,0,0
31.0,14365.18,436.64,1.0,111.0,3,3
29.0,10115.18,870.43,1.0,55.0,0,0
74.0,7358.65,354.4,1.0,128.0,2,2
53.0,4438.03,22.63,1.0,112.0,2,2
26.0,1176.1,182.19,1.0,53.00000000000001,1,1
26.0,5427.98,126.81000000000002,1.0,290.0,1,1
37.0,3653.11,288.17,1.0,50.00000000000001,1,1
55.0,2104.82,118.77,1.0,123.0,2,2
21.0,1802.77,651.82,1.0,166.0,0,0
37.0,3559.96,66.65,1.0,33.0,1,1
69.0,3564.8,98.53,1.0,166.0,2,2
71.0,6752.92,138.95,1.0,30.0,2,2
26.0,1444.75,33.89,1.0,177.0,1,1
58.0,10788.89,23.71,1.0,164.0,3,3
55.0,2235.7,878.22,1.0,238.0,0,0
65.0,12893.63,26.06,1.0,283.0,3,3
27.0,2798.15,17.07,1.0,44.0,1,1
46.0,3583.67,703.89,1.0,61.99999999999999,0,0
47.0,2120.8,878.22,1.0,155.0,0,0
77.0,3085.38,26.55,1.0,228.0,2,2
42.0,6797.71,147.4,1.0,259.0,3,3
27.0,746.47,202.11,1.0,18.0,1,1
75.0,5427.81,308.42,1.0,39.0,2,2
53.0,7467.300000000001,16.055,1.0,144.0,3,3
38.0,6362.16,294.15,1.0,136.0,3,3
54.0,8345.26,29.580000000000002,1.0,119.42293906810038,3,3
27.0,1305.76,139.45,1.0,30.999999999999996,1,1
29.0,13648.36,432.63000000000005,1.0,137.0,0,0
43.0,1337.5,131.43,1.0,65.0,1,1
42.0,2015.6900000000003,516.72,1.0,128.0,0,0
69.0,8354.54,121.82,3.0,123.0,2,2
26.0,1671.51,374.5,1.0,178.0,1,1
68.0,11822.53,166.13,1.0,227.0,3,3
23.0,587.1099999999999,626.9,1.0,146.0,0,0
56.0,5422.53,466.85,1.0,165.0,0,0
58.0,1913.73,788.8400000000001,1.0,231.0,0,0
37.0,12139.83,873.65,1.1216216216216217,59.00000000000001,0,0
69.0,4693.6,525.2800000000001,1.0,134.0,0,0
30.0,464.2,110.17,1.0,137.0,1,1
80.0,4363.74,632.69,1.0,75.99999999999999,0,0
72.0,3319.76,124.35,1.0,90.0,2,2
62.0,4356.98,43.85,1.0,122.0,2,2
28.0,1519.35,283.81,1.0,29.000000000000004,1,1
71.0,5962.58,168.53,1.0,112.0,2,2
40.0,6699.23,218.58999999999997,1.0,123.0,3,3
21.0,822.73,132.84,1.0,143.0,1,1
42.0,13964.31,157.37,1.0,289.0,3,3
20.0,867.3199999999999,144.77,1.0,159.0,1,1
64.0,1035.86,643.2200000000001,1.0,93.0,0,0
41.0,13347.69,878.22,1.0,297.0,0,0
32.0,8478.9,208.07,1.0,36.0,3,3
57.0,11088.95,94.3,1.1216216216216217,57.0,3,3
59.0,6280.66,295.5,1.0,36.0,2,2
44.0,481.13,30.23,1.0,99.0,1,1
26.0,1122.88,112.04999999999998,1.0,159.0,1,1
58.0,8431.23,180.24,1.0,144.0,3,3
38.0,8342.79,16.055,1.0,148.0,3,3
58.0,7182.22,96.54,1.0,95.0,2,2
67.0,1692.15,79.35,1.0,70.0,2,2
27.0,1695.57,101.04,1.0,160.0,1,1
49.0,6264.21,74.42,1.0,68.00000000000001,2,2
52.0,8497.34,39.66,1.0,169.0,3,3
40.0,1272.12,99.36,1.0,45.99999999999999,1,1
56.0,3959.62,123.85,1.0,244.0,2,2
19.0,476.18999999999994,426.93,1.0,247.99999999999997,1,1
25.0,1872.2200000000003,133.73,1.0,123.0,1,1
49.0,3117.39,222.39,1.0,73.0,2,2
22.0,1841.69,215.93999999999997,1.0,140.0,1,1
80.0,7697.680000000001,16.055,5.0,283.0,2,2
29.0,7580.590000000001,826.23,1.0,209.0,0,0
35.0,7936.91,283.63535643170053,1.0,67.0,3,3
67.0,6642.33,131.46,1.0,258.0,2,2
61.0,7642.250000000001,202.86,1.0,149.0,2,2
26.0,136.74,268.39,1.0,171.0,1,1
23.0,319.84,194.85,4.0,130.0,1,1
40.0,12662.66,137.35,1.0,220.0,3,3
44.0,8126.0599999999995,712.75,1.0,25.000000000000004,0,0
42.0,705.7499999999999,353.82,1.0,143.0,1,1
44.67844382691544,5331.57,507.25,1.0,143.0,0,0
27.0,7645.469999999999,212.74,1.0,128.0,1,1
51.0,8119.73,364.42,1.0,146.0,3,3
46.0,6101.15,195.12,1.0,144.0,3,3
80.0,2561.42,230.61000000000004,1.0,204.0,2,2
58.0,11905.64,739.28,1.0,47.0,0,0
64.0,7095.88,390.35,1.0,61.00000000000001,2,2
58.0,4382.73,242.02999999999997,1.0,123.99999999999999,2,2
18.0,1328.73,242.38999999999996,1.0,271.0,1,1
23.0,1278.0,135.03,1.0,180.0,1,1
61.0,1749.79,83.5,5.0,91.0,2,2
80.0,2929.51,193.54,1.0,267.0,2,2
29.0,8926.38,617.3600000000001,1.0,61.00000000000001,0,0
59.0,5977.59,775.23,1.0,37.99999999999999,0,0
72.0,7676.92,266.57,1.0,100.00000000000001,2,2
45.0,4657.7,153.4,1.0,144.0,2,2
53.0,5579.11,878.22,1.0,251.0,0,0
34.0,3293.01,16.055,1.0,90.0,1,1
57.0,7998.25,119.11,1.0,131.0,3,3
24.0,1093.89,878.22,1.0,147.0,0,0
30.0,3435.34,119.71999999999998,1.0,123.0,1,1
58.0,344.07,107.4,1.0,32.0,2,2
53.0,3897.17,115.92000000000002,1.0,57.0,2,2
67.0,5358.95,438.03999999999996,1.0,247.0,2,2
27.0,627.79,677.29,1.0,287.0,0,0
35.0,7418.82,296.0,1.0,247.99999999999997,3,3
36.0,5615.26,299.09,1.0,84.00000000000001,1,1
24.0,1995.1799999999998,461.52,1.0,44.0,1,1
50.0,453.39,100.52,1.0,110.0,1,1
66.0,2173.76,85.35,1.0,166.0,2,2
39.0,6452.14,79.76,1.0,170.0,3,3
75.0,7713.67,778.4900000000001,1.0,107.0,0,0
42.0,5528.36,386.38,1.0,135.0,3,3
35.0,9939.94,165.25,1.0,106.0,3,3
34.0,7016.99,16.055,1.0,150.0,3,3
55.0,2661.3,232.79000000000002,1.0,145.0,2,2
60.0,9410.17,878.22,1.0,159.0,0,0
54.0,2026.3199999999997,92.29,1.1216216216216217,115.0,2,2
68.0,7371.85,293.97,1.0,153.0,2,2
19.0,264.83,136.32,1.0,113.0,1,1
36.0,10001.66,251.06000000000003,1.0,34.0,3,3
77.0,7752.140000000001,50.17,1.0,35.0,2,2
34.0,9594.11,21.4,1.0,258.0,3,3
21.0,1329.41,73.28,1.0,21.000000000000004,1,1
38.0,11624.93,70.23,1.0,260.0,3,3
22.0,168.84,689.2900000000001,1.0,100.00000000000001,0,0
28.0,160.57,745.03,1.0,231.0,0,0
58.0,7135.64,54.61000000000001,1.0,160.0,2,2
27.0,469.13999999999993,54.05,1.0,146.0,1,1
67.0,7517.499999999999,107.47,1.0,144.0,2,2
20.0,919.84,611.11,4.0,282.0,1,1
48.0,8013.63,219.62999999999997,1.0,44.0,3,3
44.67844382691544,5077.06,188.7,1.0,123.0,2,2
51.0,2791.2,93.52,1.0,97.0,2,2
62.0,1777.38,275.92,1.0,107.0,2,2
68.0,7749.14,376.79,1.0,265.0,2,2
66.0,4516.76,16.055,1.0,56.0,2,2
68.0,2016.0200000000002,697.3200000000002,1.0,91.0,0,0
18.0,1959.52,17.45,1.0,88.0,1,1
80.0,3876.61,302.16,5.0,138.0,2,2
23.0,1790.27,442.74000000000007,1.0,136.0,1,1
27.0,711.4699999999999,623.9,1.0,249.0,0,0
35.0,12154.66,445.41,3.0,235.0,3,3
26.0,1546.22,63.410000000000004,1.0,36.0,1,1
44.0,7208.15,346.85,1.0,88.0,3,3
59.0,9267.32,71.95,1.0,53.00000000000001,3,3
63.0,6485.78,16.055,1.0,36.0,2,2
65.0,3984.38,206.46,1.0,279.0,2,2
60.0,412.78,423.11,1.0,47.0,0,0
54.0,4795.65,35.84,1.0,172.0,2,2
28.0,246.57,88.6,1.0,105.0,1,1
18.0,1058.13,878.22,1.0,168.00000000000003,0,0
55.0,5113.438123505975,53.81,2.0,37.0,2,2
54.0,6631.5,22.46,1.0,78.0,2,2
21.0,1661.68,334.89,1.0,260.0,1,1
54.0,5504.01,319.27,1.0,59.00000000000001,2,2
18.0,312.19,144.3,1.0,88.0,1,1
69.0,2445.58,348.7,1.0,149.0,2,2
62.0,10862.99,366.21,1.0,181.0,3,3
55.0,5414.87,99.11,1.0,12.0,2,2
55.0,3919.4399999999996,539.3500000000001,1.0,127.0,0,0
58.0,7315.34,188.99,1.0,91.99999999999999,2,2
46.0,3740.7300000000005,878.22,1.0,58.00000000000001,0,0
26.0,465.62999999999994,710.1400000000001,1.0,227.0,0,0
53.0,9992.36,308.68,1.0,170.0,3,3
57.0,5141.19,166.68,1.0,139.0,2,2
44.67844382691544,4317.85,16.055,1.0,133.0,2,2
30.0,5326.68,505.19000000000005,5.0,128.0,1,1
23.0,1636.32,66.58,1.0,79.0,1,1
77.0,7932.410000000001,223.43000000000004,1.0,178.0,2,2
60.0,3927.6900000000005,659.95,1.0,114.0,0,0
27.0,588.4999999999999,634.8600000000001,1.0,45.0,0,0
30.0,8517.95,286.5,1.0,60.00000000000001,1,1
76.0,2401.59,322.96,1.0,168.00000000000003,2,2
19.0,6776.41,654.48,1.0,114.0,0,0
48.0,5529.92,157.97,1.0,140.0,2,2
40.0,9009.42,120.9,1.0,52.00000000000001,3,3
57.0,5994.87,254.77,1.0,57.0,2,2
65.0,5468.58,795.96,1.0,119.0,0,0
39.0,5677.52,149.25,1.0,142.0,3,3
43.0,14180.21,16.055,1.0,158.0,3,3
40.0,9895.1,68.19,1.0,189.0,3,3
39.0,2232.84,493.42,1.0,111.0,0,0
57.0,7739.54,37.57,1.0,42.00000000000001,2,2
19.0,431.16,127.0,5.0,68.00000000000001,1,1
59.0,6044.93,96.89,1.0,53.00000000000001,2,2
25.0,922.19,448.3300000000001,1.0,161.0,1,1
51.0,447.53,878.22,1.0,55.0,0,0
48.0,10778.35,16.055,1.0,273.0,3,3
41.0,5113.438123505975,65.57,1.0,82.0,2,2
46.0,2051.25,539.8100000000001,1.0,177.0,0,0
63.0,1038.91,363.53,1.0,142.0,2,2
51.0,6854.61,64.9,1.0,72.0,3,3
18.0,619.86,358.18,1.0,157.0,1,1
30.0,11320.83,167.2,1.0,84.00000000000001,3,3
60.0,14510.8,121.91000000000001,1.0,133.0,3,3
54.0,5103.67,137.57,1.0,70.0,2,2
55.0,13793.53,534.62,1.0,45.0,3,3
50.0,2403.39,463.9200000000001,1.0,199.0,0,0
60.0,3075.97,320.14,1.0,96.0,2,2
28.0,7835.4,214.93,1.0,52.00000000000001,1,1
20.0,414.43,660.02,1.0,84.00000000000001,0,0
40.0,6116.8,345.81,1.0,135.0,3,3
71.0,6067.62,143.54,1.0,80.0,2,2
53.0,7341.43,42.55,1.0,29.000000000000004,3,3
21.0,1240.71,878.22,1.0,128.0,0,0
22.0,1454.08,541.7900000000001,1.0,125.0,1,1
26.0,1476.91,40.57,1.0,63.0,1,1
18.0,1943.1300000000003,120.24,2.0,131.0,1,1
28.0,1719.97,498.6700000000001,1.0,244.0,1,1
53.0,832.82,227.22000000000003,1.0,220.0,2,2
30.0,7696.16,878.22,1.0,34.0,0,0
76.0,7004.63,56.93999999999999,1.0,74.0,2,2
68.0,6385.69,629.8200000000002,1.0,159.0,0,0
35.0,5472.03,59.44,1.0,176.0,1,1
30.0,8602.22,186.69,1.0,53.99999999999999,1,1
19.0,162.53,230.46,1.0,179.0,1,1
44.0,9370.9,65.09,1.0,159.0,3,3
55.0,8570.82,457.0900000000001,1.0,63.0,3,3
44.0,522.08,552.0200000000001,1.0,100.00000000000001,0,0
34.0,836.6699999999998,377.12,1.0,61.00000000000001,1,1
18.0,364.72,204.56,1.0,179.0,1,1
35.0,8557.32,420.28,1.0,144.0,0,0
24.0,1579.57,97.09,4.0,202.0,1,1
27.0,129.29,124.58999999999999,1.0,171.0,1,1
39.0,6474.41,73.88,1.0,34.0,3,3
21.0,5113.438123505975,77.43,1.0,169.0,1,1
56.0,7487.790000000001,106.16,4.0,277.0,2,2
54.0,7986.629999999999,245.93,1.0,172.0,3,3
64.0,7322.01,622.41,1.0,125.0,0,0
34.0,9929.43,43.73,1.0,145.0,3,3
19.0,1830.98,878.22,1.0,68.00000000000001,0,0
33.0,3012.31,16.055,1.0,28.0,1,1
31.0,7198.8,770.65,1.0,137.0,0,0
63.0,10980.38,260.31,1.0,113.0,3,3
26.0,868.35,356.1,1.0,187.0,1,1
80.0,3773.2899999999995,27.070000000000004,1.0,39.0,2,2
67.0,6697.77,119.88999999999999,1.0,60.00000000000001,2,2
37.0,9410.99,106.39,1.0,281.0,3,3
37.0,6213.32,16.055,1.0,58.00000000000001,3,3
21.0,368.78,365.7,2.0,115.0,1,1
28.0,1663.31,29.380000000000003,1.0,63.0,1,1
60.0,711.6599999999999,319.85,1.0,148.0,2,2
75.0,2403.25,350.14,1.0,37.99999999999999,2,2
52.0,5957.37,163.94,1.0,73.0,2,2
24.0,801.01,170.53,1.0,58.00000000000001,1,1
40.0,5711.71,262.22,1.0,136.0,3,3
24.0,928.33,41.49,1.0,13.0,1,1
52.0,7365.28,121.43,1.0,243.0,3,3
51.0,5839.38,350.46,1.0,165.0,2,2
26.0,5116.98,220.41000000000003,1.0,155.0,1,1
72.0,3641.07,33.46,1.0,111.0,2,2
70.0,1352.19,104.79,1.0,223.0,2,2
29.0,7299.86,246.27,1.0,141.0,1,1
19.0,1503.56,48.85,1.0,176.0,1,1
69.0,5943.13,332.0,1.0,17.0,2,2
54.0,895.6599999999999,118.09999999999998,1.0,167.0,2,2
67.0,5669.1,84.59,1.0,10.0,2,2
21.0,1061.96,295.64,1.0,82.0,1,1
25.0,1592.94,514.3300000000002,1.0,160.0,1,1
43.0,6215.96,878.22,1.0,119.42293906810038,0,0
39.0,6171.89,94.59,1.0,34.0,3,3
59.0,5987.67,80.43,1.0,157.0,2,2
68.0,14783.33,54.25,1.0,37.0,3,3
76.0,4708.29,178.88,4.0,93.0,2,2
22.0,1806.0,518.85,1.0,82.0,1,1
54.0,13240.72,16.055,1.0,161.0,3,3
27.0,1196.07,198.62,1.0,84.00000000000001,1,1
27.0,1408.07,107.03,1.0,73.0,1,1
19.0,271.78,139.57,3.0,263.0,1,1
49.0,9419.27,312.47,4.0,148.0,3,3
41.0,9551.64,346.11,1.0,213.0,3,3
44.0,1070.47,138.06,1.0,159.0,1,1
49.0,9374.24,158.02,1.0,120.0,3,3
66.0,4253.18,830.0100000000001,1.0,96.0,0,0
55.0,6981.03,435.5,1.0,112.0,2,2
57.0,10483.93,110.49,1.0,48.0,3,3
34.0,9588.07,329.4,1.0,68.00000000000001,3,3
47.0,1238.11,635.4,1.0,106.0,0,0
22.0,1244.93,769.97,1.0,22.999999999999996,0,0
26.0,1040.25,175.07,1.0,169.0,1,1
78.0,5757.67,16.055,1.0,282.0,2,2
27.0,5113.438123505975,175.15,1.0,32.0,1,1
25.0,1544.88,32.54,4.0,183.0,1,1
60.0,5113.438123505975,121.82,1.0,119.0,2,2
30.0,8839.67,56.12,1.0,102.0,3,3
56.0,6239.89,424.7,1.0,178.0,2,2
32.0,5113.438123505975,35.16,1.0,130.0,1,1
65.0,9073.17,35.73,1.0,87.0,3,3
78.0,7561.33,16.055,1.0,107.99999999999999,2,2
21.0,694.03,878.22,1.0,235.0,0,0
50.0,2276.57,139.03,1.0,81.0,2,2
28.0,2791.12,254.92,1.0,169.0,1,1
28.0,9808.97,115.11,1.0,139.0,3,3
57.0,6324.09,171.11,1.0,171.0,2,2
70.0,13406.0,168.54,2.0,142.0,3,3
51.0,6581.55,420.76,1.0,119.42293906810038,2,2
64.0,3140.79,408.46,1.0,28.0,2,2
30.0,10357.26,878.22,1.0,45.0,0,0
21.0,461.83,342.17,1.0,247.0,1,1
53.0,5670.0,580.71,1.0,95.0,0,0
79.0,4040.3199999999997,821.54,1.0,36.0,0,0
20.0,220.51,253.47,1.0,238.0,1,1
62.0,3634.76,22.81,1.0,75.0,2,2
39.0,7180.48,266.57,1.0,96.0,3,3
75.0,1389.71,374.61,1.0,37.0,2,2
78.0,5002.7,339.35,1.0,70.0,2,2
20.0,9239.12,810.36,1.0,67.0,0,0
24.0,666.42,16.055,1.0,86.0,1,1
51.0,11351.64,135.57,1.0,116.00000000000001,3,3
43.0,7234.15,340.05,1.0,37.0,3,3
27.0,2049.51,283.45,1.0,127.0,1,1
68.0,8865.27,100.99,1.0,114.0,2,2
18.0,3908.4700000000003,90.88,1.0,176.0,1,1
26.0,5587.44,655.1500000000001,1.0,264.0,0,0
50.0,438.75,320.55,1.0,118.0,1,1
28.0,609.5999999999999,41.51,1.0,48.0,1,1
68.0,2393.73,71.53,1.0,39.0,2,2
54.0,3914.84,467.1300000000001,1.0,45.0,0,0
28.0,818.3599999999999,235.4,1.0,70.0,1,1
18.0,304.44,159.32,1.0,100.00000000000001,1,1
30.0,9553.42,50.83,1.0,48.0,3,3
59.0,3034.67,56.89000000000001,1.0,56.0,2,2
43.0,5515.32,20.22,1.0,138.0,3,3
36.0,1677.01,50.4,1.0,84.00000000000001,1,1
53.0,4055.55,73.88,1.0,131.0,2,2
33.0,9899.94,119.61,1.0,53.00000000000001,3,3
18.0,756.74,878.22,1.0,129.0,0,0
43.0,2620.74,116.58000000000001,1.0,247.0,1,1
30.0,11090.24,878.22,1.0,161.0,0,0
64.0,2174.16,391.96,1.0,79.0,2,2
46.0,7854.100000000001,156.26,1.0,160.0,3,3
49.0,8253.65,427.0,1.0,163.0,3,3
18.0,874.1499999999999,443.68,1.0,137.0,1,1
31.0,6043.25,101.76,1.0,26.0,1,1
37.0,2766.12,67.57,1.0,107.0,1,1
56.0,8171.259999999999,326.29,1.0,179.0,3,3
33.0,5401.21,158.56,1.0,100.00000000000001,1,1
27.0,3548.02,56.02000000000001,1.0,142.0,1,1
27.0,160.83,288.28,1.0,36.0,1,1
24.0,752.2499999999999,245.67,1.0,107.0,1,1
39.0,2459.84,152.18,4.0,176.0,1,1
41.0,469.12,114.35,1.0,21.000000000000004,1,1
61.0,8441.61,373.27,1.0,79.0,3,3
60.0,3806.16,504.63000000000005,1.0,168.00000000000003,0,0
46.0,6133.41,126.21999999999998,4.0,77.0,2,2
47.0,8802.97,820.1500000000001,1.0,181.0,0,0
68.0,14881.77,878.22,1.0,127.0,0,0
63.0,1106.34,16.055,1.0,135.0,2,2
53.0,5005.33,197.49,1.0,30.0,2,2
58.0,7949.03,637.97,1.0,90.0,0,0
26.0,259.77,16.055,1.0,65.0,1,1
49.0,2114.3,432.1,1.0,240.0,0,0
51.0,5495.3,375.17,2.0,66.0,2,2
50.0,8461.46,642.6800000000001,1.0,94.0,0,0
52.0,6870.84,78.44,1.0,292.0,3,3
49.0,5058.83,139.72,1.0,201.0,2,2
31.0,8885.0,499.99,1.0,296.0,0,0
24.0,530.81,16.055,1.0,49.0,1,1
23.0,9379.53,120.62000000000002,1.0,85.0,1,1
59.0,6475.13,578.49,1.0,180.0,0,0
34.0,319.04,119.3,5.0,22.0,1,1
41.0,5298.85,280.92,1.0,168.00000000000003,3,3
21.0,490.57,42.42,1.0,102.0,1,1
67.0,11310.27,77.03,1.0,259.0,3,3
62.0,3988.75,22.59,1.0,45.0,2,2
51.0,7484.319999999999,568.76,1.0,155.0,0,0
58.0,4815.11,25.94,5.0,211.0,2,2
51.0,5963.1,105.94,1.0,207.0,2,2
52.0,10427.0,733.2900000000001,5.0,94.0,3,3
21.0,296.47,350.15,1.0,195.0,1,1
65.0,1100.06,878.22,1.0,105.0,0,0
19.0,910.26,183.67,1.0,238.0,1,1
29.0,6684.34,278.27,1.0,123.0,1,1
40.0,8524.09,470.3000000000001,1.0,88.0,0,0
53.0,5126.65,261.69,1.0,84.00000000000001,2,2
22.0,873.8899999999999,365.04,1.0,94.0,1,1
57.0,7059.77,211.1,1.0,136.0,2,2
58.0,11991.24,21.49,1.0,240.0,3,3
18.0,8086.040000000001,63.580000000000005,1.0,199.0,1,1
63.0,12626.49,321.86,1.0,167.0,3,3
75.0,1730.28,16.055,1.0,127.0,2,2
44.0,3143.17,642.54,1.0,28.0,0,0
27.0,1242.49,210.45,1.0,146.0,1,1
55.0,1886.36,313.65,1.0,173.0,2,2
26.0,416.89,99.76,1.0,131.0,1,1
53.0,5929.08,115.32,1.0,113.0,2,2
23.0,479.08,33.61,1.0,72.0,1,1
33.0,5862.99,498.59000000000015,1.0,32.0,0,0
27.0,797.1,98.81,1.0,91.0,1,1
65.0,7287.94,16.055,1.0,147.0,2,2
59.0,5624.86,78.92,1.0,95.0,2,2
39.0,2988.41,194.29,1.0,10.0,1,1
53.0,2712.96,28.730000000000004,1.0,185.0,2,2
24.0,1433.66,105.53,1.0,88.0,1,1
30.0,7336.56,737.3400000000001,1.0,34.0,0,0
18.0,475.62999999999994,237.86,1.0,210.0,1,1
65.0,11698.15,409.61,1.0,89.0,3,3
21.0,1034.35,75.53,1.0,157.0,1,1
64.0,12042.79,72.75,1.0,15.0,3,3
26.0,518.54,39.11,1.0,143.0,1,1
23.0,1258.93,878.22,1.0,139.0,0,0
68.0,9127.65,729.38,1.0,90.0,0,0
34.0,4471.05,137.49,1.0,50.00000000000001,1,1
29.0,6214.54,504.71,1.0,61.00000000000001,0,0
24.0,1187.04,371.47,1.0,58.00000000000001,1,1
36.0,354.9,430.35,1.0,205.0,1,1
35.0,791.46,230.31999999999996,1.0,56.0,1,1
52.0,5878.89,121.71,1.0,140.0,2,2
20.0,533.2,98.87,1.0,179.0,1,1
24.0,897.94,117.55000000000001,1.0,35.0,1,1
30.0,9159.56,244.63999999999996,1.0,103.0,3,3
45.0,4392.73,321.93,1.0,12.0,2,2
58.0,1390.98,878.22,1.0,11.0,0,0
40.0,2008.7700000000002,283.23,1.0,98.0,1,1
30.0,6356.96,346.65,1.0,60.00000000000001,1,1
64.0,6009.12,381.62,1.0,164.0,2,2
76.0,7896.850000000001,388.65,1.0,43.0,2,2
24.0,1649.43,29.22,1.0,151.0,1,1
67.0,2840.43,46.75,1.0,150.0,2,2
57.0,3274.96,348.64,1.0,128.0,2,2
73.0,6501.56,319.17,1.0,81.0,2,2
26.0,363.92,73.95,1.0,75.99999999999999,1,1
27.0,9748.48,389.63,1.0,99.0,0,0
19.0,1404.53,217.60999999999999,1.0,45.0,1,1
21.0,706.44,199.84,1.0,150.0,1,1
44.0,5095.73,56.349999999999994,1.0,75.0,2,2
65.0,3059.79,248.95,1.0,29.000000000000004,2,2
33.0,7844.23,142.58,1.0,145.0,3,3
28.0,1119.61,878.22,1.0,87.0,0,0
58.0,5313.97,84.34,3.0,247.99999999999997,2,2
31.0,6227.99,878.22,1.0,156.0,0,0
60.0,6810.94,333.78,1.0,98.0,2,2
55.0,1457.07,332.59,1.0,143.0,2,2
22.0,813.68,236.81,1.0,15.0,1,1
27.0,1518.82,417.8,1.0,130.0,1,1
50.0,10269.78,319.27,1.0,150.0,3,3
42.0,672.7899999999998,384.1,1.0,172.0,1,1
61.0,6024.8,820.6200000000001,1.0,158.0,0,0
56.0,2158.59,474.7700000000001,1.0,50.00000000000001,0,0
43.0,6011.8,542.72,1.0,91.99999999999999,0,0
73.0,6372.58,79.8,1.0,75.99999999999999,2,2
57.0,2569.56,46.24,1.0,52.00000000000001,2,2
61.0,10585.48,327.8,1.0,53.99999999999999,3,3
52.0,717.9899999999999,445.79,1.0,161.0,0,0
72.0,3689.65,55.89,1.0,150.0,2,2
28.0,1512.16,158.41,1.0,16.0,1,1
64.0,14389.45,101.19,1.0,75.0,3,3
36.0,9800.21,827.1400000000001,4.0,265.0,3,3
74.0,7014.69,61.96999999999999,1.0,95.0,2,2
79.0,3520.61,27.21,1.0,102.0,2,2
80.0,4913.42,173.74,1.0,64.0,2,2
38.0,9155.35,176.11,1.0,105.0,3,3
46.0,2567.53,88.4,1.0,174.0,1,1
53.0,3779.4699999999993,567.9200000000001,1.0,14.0,0,0
68.0,4177.65,138.11,1.0,104.0,2,2
28.0,7284.76,456.93,1.0,193.0,0,0
66.0,6530.59,101.42,1.0,146.0,2,2
44.0,7895.540000000001,300.61,1.0,51.00000000000001,3,3
54.0,6781.3,265.94,1.0,132.0,2,2
29.0,2091.78,345.54,1.0,50.00000000000001,1,1
41.0,11108.39,411.52,1.0,88.0,3,3
35.0,9088.36,111.21,1.0,111.0,3,3
53.0,4671.69,316.37,1.0,86.0,2,2
37.0,7534.7300000000005,260.63,1.0,142.0,3,3
29.0,6353.14,92.36,1.0,144.0,1,1
63.0,13587.52,262.06,1.0,118.0,3,3
74.0,1351.24,64.5,1.0,230.0,2,2
28.0,2797.26,253.54999999999998,5.0,85.0,1,1
21.0,1222.77,283.63535643170053,3.0,125.0,1,1
57.0,3728.0400000000004,175.94,1.0,89.0,2,2
57.0,6067.44,199.47,1.0,142.0,2,2
63.0,4292.16,51.07,1.0,133.0,2,2
56.0,3801.8200000000006,435.86,1.0,134.0,0,0
64.0,6353.22,74.73,1.0,162.0,2,2
23.0,1251.85,182.79,1.0,14.0,1,1
44.0,11869.71,628.36,1.0,107.99999999999999,0,0
29.0,9409.43,268.39,1.0,177.0,3,3
80.0,6003.59,362.27,1.0,47.0,2,2
50.0,817.83,560.1500000000001,1.0,91.99999999999999,0,0
80.0,3663.64,351.99,2.0,45.0,2,2
28.0,319.65,132.36,1.0,160.0,1,1
40.0,478.23,24.77,1.0,17.0,1,1
44.0,13446.81,668.67,4.0,143.0,3,3
53.0,8012.810000000001,80.24,1.0,58.00000000000001,3,3
68.0,4201.22,16.055,1.0,198.0,2,2
18.0,8870.89,178.91,1.0,18.999999999999996,1,1
27.0,906.1999999999999,115.22,1.0,107.99999999999999,1,1
46.0,9286.37,161.63,1.0,276.0,3,3
70.0,2224.08,542.75,1.0,63.0,0,0
67.0,14639.28,317.47,1.0,16.0,3,3
45.0,9733.59,280.99,1.0,29.000000000000004,3,3
29.0,2756.2,24.19,1.0,28.0,1,1
36.0,6655.15,586.85,1.0,86.0,0,0
55.0,3233.87,372.41,1.0,143.0,2,2
20.0,1676.57,283.63535643170053,1.0,148.0,1,1
54.0,8371.11,383.69,1.0,285.0,3,3
65.0,2611.64,247.17000000000002,1.0,149.0,2,2
18.0,552.06,48.78,1.0,136.0,1,1
60.0,6017.36,16.055,1.0,119.0,2,2
34.0,7281.46,60.99,1.0,58.00000000000001,3,3
26.0,6847.47,408.19,1.0,241.0,1,1
58.0,13017.7,524.6000000000001,1.0,75.99999999999999,3,3
26.0,7597.660000000001,108.96,1.0,247.0,1,1
63.0,7330.31,70.03,1.0,49.0,2,2
52.0,6711.78,124.84,1.0,79.0,2,2
54.0,2248.06,324.04,1.0,30.0,2,2
70.0,3524.68,39.69,1.0,163.0,2,2
58.0,8332.58,157.7,1.0,45.99999999999999,3,3
22.0,1814.48,81.27,1.0,68.00000000000001,1,1
37.0,3886.7699999999995,193.82,1.0,176.0,1,1
79.0,7591.129999999999,16.73,1.0,165.0,2,2
57.0,1484.31,474.05,1.0,214.0,0,0
66.0,9385.57,39.21,4.0,245.0,2,2
79.0,4202.92,637.75,1.0,151.99999999999997,0,0
66.0,4813.12,153.59,1.0,174.0,2,2
18.0,9716.68,186.6,1.0,139.0,1,1
24.0,1980.62,644.0800000000002,1.0,55.0,0,0
41.0,10216.25,226.66000000000003,1.0,168.00000000000003,3,3
22.0,944.83,305.0,1.0,222.0,1,1
42.0,7469.2,233.10000000000002,1.0,37.0,3,3
68.0,13389.16,793.13,1.0,75.99999999999999,0,0
52.0,8475.47,224.18999999999997,1.0,93.0,3,3
23.0,991.6899999999999,214.83,1.0,63.0,1,1
63.0,6953.8,163.46,1.0,111.0,2,2
34.0,1370.03,194.99,1.0,91.0,1,1
46.0,14851.28,23.4,4.0,175.0,3,3
34.0,11505.35,227.5,1.0,277.0,3,3
26.0,914.2799999999999,259.9,1.0,100.00000000000001,1,1
36.0,9955.88,59.51,1.0,55.0,3,3
64.0,4732.81,50.63,1.1216216216216217,143.0,2,2
20.0,530.86,878.22,1.0,91.0,0,0
73.0,3807.8399999999997,112.94,1.0,30.999999999999996,2,2
21.0,320.25,16.055,1.0,131.0,1,1
55.0,12033.92,329.14,1.0,14.0,3,3
61.0,6109.55,154.24,1.0,82.0,2,2
20.0,1691.88,233.44000000000003,1.0,297.0,1,1
18.0,1697.67,141.8,1.0,116.00000000000001,1,1
55.0,8359.5,209.03,1.0,126.0,3,3
26.0,1629.12,878.22,1.0,144.0,0,0
42.0,6100.08,261.14,1.0,162.0,3,3
45.0,13872.03,101.81,1.1216216216216217,105.0,3,3
32.0,10095.23,98.71,1.0,117.0,3,3
21.0,1504.99,87.38,1.0,252.0,1,1
32.0,13182.11,83.39,1.0,158.0,3,3
46.0,4330.04,267.55,1.0,40.0,2,2
29.0,905.2499999999999,870.0500000000001,1.0,39.0,0,0
38.0,6972.5,154.32,1.0,119.42293906810038,3,3
78.0,3553.69,164.51,1.0,110.0,2,2
69.0,6164.65,758.12,1.0,90.0,0,0
28.0,9626.14,103.76,1.0,188.0,3,3
55.0,6364.14,583.9200000000001,1.0,139.0,0,0
77.0,4351.83,204.06,1.0,159.0,2,2
56.0,5773.5,53.51,1.0,165.0,2,2
30.0,9257.04,878.22,1.0,262.0,0,0
68.0,6335.58,52.95,1.0,14.0,2,2
49.0,5403.79,120.17000000000002,1.0,105.0,2,2
31.0,8135.31,220.8,1.0,28.0,1,1
45.0,9798.26,119.01,1.0,87.0,3,3
21.0,137.42,183.32,1.0,74.0,1,1
60.0,7015.46,858.88,1.0,227.0,0,0
41.0,2356.71,16.055,1.0,128.0,1,1
75.0,4294.44,61.370000000000005,1.0,164.0,2,2
49.0,9251.38,103.08,1.0,150.0,3,3
55.0,7542.739999999999,16.055,1.0,196.0,3,3
26.0,9880.71,425.18,1.0,172.0,0,0
52.0,6189.24,60.96,1.0,238.0,2,2
51.0,12540.18,64.21,1.0,37.0,3,3
53.0,4586.11,523.02,1.0,83.0,0,0
65.0,1519.38,50.26,1.0,164.0,2,2
19.0,1447.26,110.08000000000001,1.0,95.0,1,1
23.0,1131.42,54.470000000000006,1.0,34.0,1,1
68.0,10278.75,79.76,1.0,115.0,3,3
30.0,535.15,16.79,1.0,146.0,1,1
18.0,859.8599999999999,878.22,4.0,61.99999999999999,1,1
29.0,13891.47,68.62,1.0,157.0,3,3
20.0,1545.77,283.63535643170053,1.0,280.0,1,1
18.0,1046.74,643.38,1.0,105.0,0,0
42.0,2840.45,328.34,1.0,30.999999999999996,1,1
69.0,6216.77,72.68,1.0,44.0,2,2
51.0,10141.92,354.76,1.0,279.0,3,3
22.0,1404.06,793.8800000000001,1.0,252.0,0,0
27.0,7795.79,29.22,1.0,69.00000000000001,1,1
37.0,3886.65,653.9700000000001,1.0,100.00000000000001,0,0
21.0,1560.45,366.43,1.0,91.99999999999999,1,1
33.0,13566.58,120.85999999999999,4.0,162.0,3,3
72.0,4749.54,233.74,1.0,142.0,2,2
18.0,1044.33,471.84,1.0,138.0,1,1
73.0,2012.24,213.4,1.0,100.00000000000001,2,2
48.0,2487.2,254.21,1.0,45.99999999999999,2,2
37.0,14977.99,577.73,1.0,63.0,0,0
27.0,1969.48,170.26,1.0,265.0,1,1
78.0,7001.2,337.73,4.0,107.0,2,2
64.0,2525.25,330.61,1.0,113.0,2,2
35.0,7457.94,132.33,1.0,47.0,3,3
46.0,5113.438123505975,672.74,1.0,118.0,0,0
18.0,1690.23,74.04,1.0,66.0,1,1
28.0,3114.92,197.18,1.0,135.0,1,1
70.0,3466.74,21.15,1.0,180.0,2,2
62.0,9942.24,218.37,1.0,119.42293906810038,3,3
29.0,9791.74,590.0100000000001,3.0,140.0,3,3
44.0,6824.0,697.8200000000002,1.0,153.0,0,0
38.0,8583.39,302.76,3.0,88.0,3,3
20.0,1488.65,148.0,1.0,35.0,1,1
19.0,5583.88,22.26,1.0,56.0,1,1
25.0,1357.22,16.055,1.0,139.0,1,1
65.0,10553.23,757.1000000000001,1.0,203.0,0,0
25.0,1619.6,38.81,1.0,145.0,1,1
49.0,9475.4,76.51,4.0,120.0,3,3
31.0,8656.18,32.46,1.0,10.0,3,3
62.0,207.74,878.22,1.0,158.0,0,0
22.0,949.38,20.64,1.0,59.00000000000001,1,1
23.0,1996.38,662.11,1.0,219.0,0,0
55.0,8836.51,288.77,1.0,110.0,3,3
30.0,14330.47,35.05,1.0,105.0,3,3
46.0,5368.42,214.73,1.0,26.0,2,2
57.0,8616.05,25.38,1.0,66.0,3,3
41.0,5906.58,617.66,1.0,40.0,0,0
63.0,7863.6,446.39,1.0,77.0,2,2
33.0,2254.71,377.92,1.0,204.0,1,1
30.0,6983.04,16.055,1.0,43.0,1,1
36.0,9697.75,275.46,1.0,67.0,3,3
78.0,5909.52,179.76,1.0,81.0,2,2
44.0,7847.619999999999,32.34,1.0,45.0,3,3
79.0,4543.56,273.92,1.0,109.0,2,2
19.0,1307.23,375.45,1.0,32.0,1,1
23.0,1819.91,388.98,1.0,155.0,1,1
25.0,577.67,492.84000000000003,1.0,37.99999999999999,1,1
57.0,7802.360000000001,148.85,1.0,25.000000000000004,2,2
62.0,2596.61,283.63535643170053,5.0,47.0,2,2
50.0,2406.31,391.66,1.0,103.0,0,0
41.0,402.45,185.99,1.0,53.00000000000001,1,1
27.0,1238.43,322.48,1.0,57.0,1,1
18.0,796.3499999999999,20.27,1.0,22.0,1,1
47.0,7888.76,280.61,3.0,129.0,3,3
61.0,4658.89,199.02,1.0,269.0,2,2
63.0,5009.29,104.23,1.0,107.99999999999999,2,2
52.0,1822.34,353.59,5.0,109.0,2,2
39.0,5346.46,55.86,1.0,68.00000000000001,3,3
31.0,10704.95,16.055,1.0,178.0,3,3
33.0,2434.74,95.55,1.0,51.00000000000001,1,1
27.0,6568.07,477.0700000000001,1.0,278.0,0,0
52.0,2791.45,16.055,1.0,63.0,2,2
57.0,658.91,21.41,1.0,99.0,2,2
28.0,1346.88,278.28,1.0,26.0,1,1
73.0,3022.12,388.1,1.0,40.0,2,2
27.0,1582.55,215.39,1.0,215.99999999999997,1,1
66.0,14395.88,194.37,1.0,161.0,3,3
20.0,1741.1,37.7,1.0,109.0,1,1
64.0,1061.69,19.59,1.0,122.0,2,2
41.0,7192.45,81.35,1.0,103.0,3,3
58.0,9923.45,314.54,1.0,228.0,3,3
58.0,10915.11,466.6400000000001,1.0,11.0,3,3
22.0,719.52,397.01,1.0,100.00000000000001,1,1
55.0,7128.82,472.4800000000001,1.0,87.0,0,0
59.0,9028.49,67.15,1.0,14.0,3,3
79.0,4656.94,102.67,1.0,119.0,2,2
35.0,6990.64,460.09000000000003,3.0,146.0,3,3
66.0,6366.43,453.49000000000007,1.0,147.0,2,2
26.0,1382.62,267.17,1.0,170.0,1,1
66.0,14350.11,111.26,1.0,43.0,3,3
68.0,12990.77,121.16999999999999,1.0,158.0,3,3
51.0,4835.91,213.28,1.0,94.0,2,2
60.0,2154.58,187.88,1.0,180.0,2,2
34.0,14833.34,471.88,1.0,141.0,0,0
57.0,5061.3,83.79,1.0,47.0,2,2
72.0,7225.06,212.14,1.0,105.0,2,2
79.0,2607.58,99.16,1.0,202.0,2,2
60.0,11538.97,839.33,1.0,86.0,0,0
76.0,2834.84,29.91,3.0,43.0,2,2
38.0,7822.729999999999,16.055,1.0,37.99999999999999,3,3
58.0,7604.9,50.29,1.0,64.0,2,2
57.0,1480.39,135.85,1.0,269.0,2,2
68.0,13696.31,368.53,1.0,34.0,3,3
64.0,12344.9,17.95,1.0,135.0,3,3
31.0,8630.99,127.8,1.0,47.0,3,3
45.0,2202.62,16.73,1.0,48.0,1,1
44.0,14409.74,317.12,1.0,80.0,3,3
79.0,4894.25,476.6300000000001,1.0,115.0,2,2
24.0,8981.61,156.58,1.0,160.0,1,1
34.0,3791.99,55.12,1.0,261.0,1,1
27.0,690.16,16.055,1.0,37.99999999999999,1,1
70.0,6777.12,353.68,1.0,145.0,2,2
76.0,5449.37,297.15,1.0,178.0,2,2
36.0,13779.97,647.85,1.0,121.0,0,0
49.0,9648.6,75.04,1.0,178.0,3,3
28.0,1029.15,273.92,1.0,35.0,1,1
51.0,3656.62,215.8,1.0,66.0,2,2
41.0,6710.51,878.22,1.0,247.99999999999997,0,0
26.0,1778.75,420.6,1.0,55.0,1,1
23.0,5191.13,688.36,1.0,22.0,0,0
55.0,14847.97,285.18,1.0,150.0,3,3
63.0,5238.37,213.55,1.0,15.0,2,2
51.0,10238.82,463.11000000000007,1.0,159.0,3,3
73.0,7491.42,150.03,1.0,176.0,2,2
51.0,2116.36,283.63535643170053,1.0,131.0,2,2
58.0,972.04,309.56,1.0,147.0,2,2
26.0,6430.86,377.08,1.0,71.0,1,1
68.0,14077.97,77.25,1.0,157.0,3,3
64.0,3990.6,146.92,1.0,272.0,2,2
22.0,961.6499999999999,126.6,1.0,146.0,1,1
24.0,703.2599999999999,101.34,1.0,45.99999999999999,1,1
58.0,1156.67,184.97,1.0,268.0,2,2
46.0,1356.47,451.15000000000003,1.0,175.0,0,0
25.0,1305.06,516.4700000000001,1.0,94.0,1,1
25.0,261.97,878.22,1.0,29.000000000000004,0,0
44.67844382691544,9500.79,353.69,1.0,163.0,3,3
25.0,1210.33,66.69,1.0,140.0,1,1
31.0,337.62,95.75,1.0,169.0,1,1
27.0,5113.438123505975,43.91,1.0,86.0,1,1
54.0,6323.45,98.03,1.0,165.0,2,2
42.0,7155.95,617.66,1.0,128.0,0,0
62.0,7896.14,878.22,1.0,102.0,0,0
22.0,591.2299999999999,107.48,1.0,129.0,1,1
62.0,2583.07,36.57,1.0,69.00000000000001,2,2
43.0,234.40999999999997,575.62,1.0,129.0,0,0
37.0,4735.61,84.89,1.0,70.0,1,1
69.0,5113.438123505975,832.3000000000001,1.0,86.0,0,0
22.0,816.0099999999999,180.65,5.0,37.99999999999999,1,1
52.0,7393.11,16.055,1.0,84.00000000000001,3,3
56.0,13510.11,109.3,1.0,26.999999999999996,3,3
79.0,4466.1,230.07999999999998,1.0,123.99999999999999,2,2
54.0,7474.31,361.92,1.0,111.0,3,3
68.0,7225.63,71.29,2.0,55.0,2,2
46.0,7255.49,122.45000000000002,1.0,98.0,3,3
65.0,11417.91,642.53,1.0,128.0,0,0
25.0,1040.43,62.86,1.0,30.999999999999996,1,1
69.0,6039.04,175.21,1.0,69.00000000000001,2,2
32.0,3498.58,168.0,1.0,11.0,1,1
67.0,6628.75,16.055,1.0,73.0,2,2
62.0,10156.09,382.07,1.0,147.0,3,3
18.0,521.88,16.055,3.0,20.0,1,1
28.0,9165.02,65.32,1.0,53.99999999999999,1,1
27.0,6704.76,83.07,4.0,291.0,1,1
77.0,6384.05,730.1000000000001,1.0,93.0,0,0
62.0,6095.65,85.31,1.0,26.999999999999996,2,2
18.0,1008.76,726.6100000000001,1.0,277.0,0,0
45.0,4381.24,130.4,1.0,63.0,2,2
20.0,1382.8,68.1,1.0,47.0,1,1
26.0,7380.63,65.26,1.0,72.0,1,1
63.0,1981.6700000000003,191.62,1.0,51.00000000000001,2,2
39.0,7036.72,212.88,1.0,122.0,3,3
30.0,3707.82,88.38,1.0,138.0,1,1
42.0,2040.1600000000003,48.77,1.0,51.00000000000001,1,1
27.0,5113.438123505975,289.1,1.0,206.0,1,1
26.0,2617.23,390.09,1.0,49.0,1,1
37.0,8883.4,48.29,1.0,242.0,3,3
63.0,1660.66,333.83,1.0,135.0,2,2
67.0,2011.6,878.22,1.0,79.0,0,0
79.0,4309.9,100.27,1.0,51.00000000000001,2,2
31.0,362.4,44.54,1.0,164.0,1,1
52.0,836.69,878.22,1.0,40.0,0,0
28.0,1913.06,82.17,1.0,21.000000000000004,1,1
19.0,563.46,878.22,1.0,150.0,0,0
32.0,6133.22,447.4200000000001,1.0,65.0,0,0
25.0,1068.28,590.26,1.0,48.0,0,0
71.0,2037.7499999999998,192.73,1.0,157.0,2,2
26.0,221.79,146.01,1.0,269.0,1,1
24.0,1127.54,136.05,3.0,63.0,1,1
56.0,2061.61,16.055,1.0,64.0,2,2
51.0,5113.438123505975,102.34,1.0,78.0,2,2
36.0,2240.49,16.055,1.0,273.0,1,1
74.0,6579.37,79.43,1.0,72.0,2,2
58.0,1876.35,386.97,1.0,137.0,2,2
23.0,1664.59,51.22,1.0,82.0,1,1
54.0,6910.18,256.05,1.0,35.0,2,2
34.0,1319.85,16.055,1.0,298.0,1,1
63.0,6095.5,233.71,1.0,11.0,2,2
55.0,2420.86,176.37,1.0,126.0,2,2
21.0,359.06,122.62999999999998,1.0,153.0,1,1
75.0,3128.71,86.41,1.0,125.0,2,2
54.0,7587.48,21.57,1.0,71.0,3,3
26.0,290.59,82.67,1.0,45.99999999999999,1,1
47.0,7707.959999999999,451.34999999999997,1.0,119.42293906810038,0,0
63.0,4735.41,299.42,1.0,53.00000000000001,2,2
18.0,6165.03,543.47,1.0,122.0,0,0
21.0,1637.75,346.76,1.0,116.00000000000001,1,1
24.0,585.5199999999999,47.48,1.0,66.0,1,1
58.0,5481.76,64.92,1.0,236.0,2,2
28.0,1982.8999999999999,350.72,1.0,48.0,1,1
65.0,5766.96,16.055,1.0,174.0,2,2
26.0,7139.11,22.54,1.0,42.00000000000001,1,1
62.0,4732.57,767.1400000000001,1.0,37.99999999999999,0,0
35.0,2293.13,167.47,1.0,103.0,1,1
30.0,2870.67,43.65,1.0,212.0,1,1
56.0,6885.16,391.08,1.0,105.0,2,2
44.0,5500.56,390.77,1.0,34.0,2,2
39.0,5609.44,508.1600000000001,1.0,131.0,0,0
65.0,1228.93,36.76,1.0,107.99999999999999,2,2
27.0,192.63,332.33,1.0,101.0,1,1
32.0,6590.28,362.09,1.0,30.999999999999996,1,1
30.0,13485.0,42.58,1.0,80.0,3,3
53.0,6472.5,122.34999999999998,1.0,188.0,2,2
28.0,2571.39,248.66,1.0,113.0,1,1
54.0,676.0999999999999,461.25000000000006,1.0,171.0,0,0
56.0,12352.2,61.77,1.0,49.0,3,3
29.0,8765.38,268.92,1.0,148.0,1,1
24.0,1590.88,303.97,5.0,77.0,1,1
54.0,7375.73,219.01999999999998,1.0,68.00000000000001,3,3
20.0,1845.18,125.14,1.0,30.999999999999996,1,1
53.0,1382.51,47.6,1.0,115.0,2,2
74.0,7508.98,592.8200000000002,1.0,247.99999999999997,0,0
22.0,3901.82,372.5,1.0,211.0,1,1
32.0,4792.01,16.055,1.0,20.0,1,1
42.0,6887.52,144.93,1.0,74.0,3,3
28.0,8643.51,316.56,1.0,261.0,1,1
22.0,887.3199999999999,16.055,1.0,140.0,1,1
25.0,7174.69,421.25,1.0,66.0,1,1
48.0,2679.91,185.71,1.0,194.0,2,2
60.0,4315.07,878.22,1.0,138.0,0,0
45.0,8853.93,26.27,1.0,177.0,3,3
61.0,1088.62,297.03,1.0,151.0,2,2
53.0,1442.29,341.67,5.0,96.0,2,2
52.0,3798.0900000000006,99.52,1.0,127.0,2,2
28.0,9951.68,878.22,1.0,16.0,0,0
52.0,9567.94,139.69,1.0,180.0,3,3
37.0,5113.438123505975,42.72,1.0,143.0,1,1
31.0,9630.0,112.72,1.0,17.0,3,3
19.0,1307.86,568.88,1.0,105.0,1,1
28.0,1916.46,189.03,1.0,50.00000000000001,1,1
20.0,5113.438123505975,199.8,1.0,163.0,1,1
68.0,10790.8,189.08,1.0,238.0,3,3
31.0,9977.49,878.22,1.0,135.0,0,0
35.0,14563.02,409.59,1.0,50.00000000000001,3,3
28.0,614.1399999999999,349.34,1.0,119.42293906810038,1,1
24.0,603.79,283.15,1.0,180.0,1,1
51.0,2197.12,151.82,1.0,105.0,2,2
37.0,8994.39,438.59000000000003,1.0,103.0,0,0
79.0,3224.6,590.57,1.0,93.0,0,0
63.0,4336.4,63.74,1.0,30.999999999999996,2,2
59.0,800.8299999999999,77.02,1.0,132.0,2,2
47.0,8821.84,501.1500000000001,1.0,208.0,0,0
64.0,3173.17,878.22,2.0,75.0,0,0
76.0,3299.84,16.055,1.0,102.0,2,2
21.0,421.44,173.6,1.0,160.0,1,1
53.0,1035.22,149.4,1.0,123.0,2,2
53.0,9724.49,388.21,1.0,237.0,3,3
61.0,7910.300000000001,484.3,3.0,230.0,2,2
65.0,6041.69,126.04000000000002,1.0,167.0,2,2
50.0,8436.12,52.04,1.0,30.999999999999996,3,3
62.0,7125.15,389.7,1.0,215.99999999999997,2,2
19.0,239.11999999999998,161.1,1.1216216216216217,104.0,1,1
67.0,4378.14,309.77,1.0,137.0,2,2
41.0,5113.438123505975,838.57,1.0,273.0,0,0
21.0,701.7299999999999,202.55,2.0,34.0,1,1
41.0,10922.78,724.18,1.0,134.0,0,0
24.0,641.9999999999999,124.98,1.0,78.0,1,1
52.0,7707.959999999999,487.32000000000005,1.0,164.0,0,0
46.0,13267.09,635.9100000000001,1.0,78.0,0,0
62.0,3582.16,205.65,1.0,144.0,2,2
25.0,921.91,39.41,1.0,132.0,1,1
35.0,5788.53,254.0,1.0,63.0,1,1
36.0,4515.43,436.8,1.0,213.0,0,0
76.0,7551.890000000001,224.73,1.0,63.0,2,2
65.0,14489.69,752.69,1.0,115.0,0,0
31.0,13991.5,78.5,1.0,41.0,3,3
53.0,185.87,50.0,1.0,87.0,1,1
18.0,726.3899999999999,132.42,1.0,164.0,1,1
76.0,7458.629999999999,16.055,1.1216216216216217,105.0,2,2
61.0,3065.87,83.16,1.0,177.0,2,2
46.0,9379.72,149.02,1.0,176.0,3,3
59.0,13696.61,74.27,1.0,148.0,3,3
62.0,3743.6300000000006,876.57,1.0,118.0,0,0
42.0,14343.0,615.58,1.0,133.0,0,0
36.0,2882.16,643.03,1.0,52.00000000000001,0,0
79.0,5631.2,16.055,1.0,65.0,2,2
77.0,4574.43,270.92,1.0,143.0,2,2
24.0,1242.62,499.4800000000001,1.0,133.0,1,1
25.0,352.31,841.5,1.0,287.0,0,0
77.0,3100.22,138.82,1.0,53.00000000000001,2,2
60.0,4707.24,231.46,1.0,83.0,2,2
72.0,7950.48,292.08,1.0,32.0,2,2
54.0,7954.12,63.980000000000004,1.0,258.0,3,3
67.0,5946.61,235.21,1.0,74.0,2,2
57.0,6650.71,201.73,1.0,78.0,2,2
28.0,1268.67,161.31,1.0,13.0,1,1
53.0,8287.54,18.41,1.0,168.00000000000003,3,3
34.0,12948.5,471.75000000000006,1.0,41.0,0,0
55.0,4746.71,290.02,1.0,246.0,2,2
27.0,5334.97,48.05,1.0,37.99999999999999,1,1
55.0,1765.45,359.42,1.0,30.0,2,2
19.0,427.3,32.91,1.0,255.0,1,1
67.0,6285.39,16.055,1.0,140.0,2,2
51.0,1406.6,31.81,1.0,149.0,2,2
28.0,1075.15,220.2,1.0,102.0,1,1
77.0,5958.34,476.03000000000003,1.0,99.0,2,2
23.0,791.9699999999999,141.91,1.0,49.0,1,1
27.0,1726.4,95.83,1.0,91.0,1,1
46.0,8992.25,51.15,1.0,199.0,3,3
60.0,7816.410000000001,878.22,5.0,103.0,2,2
62.0,8271.47,50.75,1.0,185.0,3,3
22.0,636.42,185.07,1.0,159.0,1,1
40.0,2290.1,293.54,1.0,45.0,1,1
32.0,9968.49,23.38,1.0,119.42293906810038,3,3
28.0,167.72,285.26,1.0,93.0,1,1
31.0,7581.7,129.48,1.0,179.0,1,1
50.0,4111.38,743.0300000000001,1.0,174.0,0,0
28.0,1680.14,297.86,1.0,96.0,1,1
66.0,5715.08,231.91999999999996,1.0,12.0,2,2
47.0,5897.73,295.82,1.0,45.99999999999999,2,2
55.0,5239.24,302.86,1.0,275.0,2,2
58.0,7788.910000000001,81.08,1.0,56.0,2,2
79.0,3898.6400000000003,775.6,1.0,158.0,0,0
26.0,1214.93,178.43,1.1216216216216217,136.0,1,1
20.0,927.4699999999999,211.91,1.0,181.0,1,1
23.0,914.16,17.21,1.0,219.0,1,1
23.0,9695.04,124.22000000000001,1.0,172.0,1,1
63.0,8647.04,38.37,1.0,135.0,3,3
52.0,1292.1,269.79,1.0,17.0,2,2
21.0,392.34,605.42,1.0,33.0,1,1
60.0,9877.17,283.63535643170053,1.0,40.0,3,3
58.0,12059.85,29.19,1.0,41.0,3,3
61.0,6643.24,701.7,1.0,64.0,0,0
57.0,9903.48,862.34,1.0,72.0,0,0
22.0,151.42,410.97,1.0,45.0,1,1
41.0,2850.92,36.97,1.0,79.0,1,1
30.0,10679.67,137.59,1.0,95.0,3,3
51.0,10652.13,168.11,1.0,12.0,3,3
24.0,569.25,430.98,1.0,93.0,1,1
24.0,954.83,16.055,1.0,20.0,1,1
76.0,1831.2,642.6800000000001,1.1216216216216217,66.0,0,0
28.0,9274.64,175.07,2.0,169.0,1,1
36.0,9384.54,302.82,1.0,175.0,3,3
67.0,1483.84,878.22,1.0,52.00000000000001,0,0
66.0,1968.3600000000001,406.81,1.0,84.00000000000001,2,2
53.0,4203.05,256.3,1.0,172.0,2,2
19.0,959.9399999999999,80.96,1.0,97.0,1,1
22.0,271.64,95.78,1.0,26.999999999999996,1,1
41.0,12571.76,379.54,1.0,118.0,3,3
22.0,8627.08,878.22,1.0,65.0,0,0
18.0,524.46,142.19,4.0,26.999999999999996,1,1
28.0,422.32,847.45,1.0,175.0,0,0
66.0,12961.53,295.18,1.0,30.999999999999996,3,3
68.0,6381.6,18.46,1.0,213.0,2,2
28.0,117.98000000000002,603.23,1.0,48.0,0,0
57.0,1715.22,54.49999999999999,1.0,147.0,2,2
29.0,5599.81,414.77,1.0,274.0,1,1
61.0,7904.240000000001,878.22,1.0,69.00000000000001,0,0
49.0,1490.44,440.03,1.0,88.0,0,0
56.0,1532.72,283.63535643170053,1.0,285.0,2,2
18.0,5976.0,76.39,1.0,219.0,1,1
19.0,1673.76,595.9100000000001,1.0,162.0,0,0
76.0,3290.72,16.055,1.0,70.0,2,2
26.0,3030.97,249.34,1.0,197.0,1,1
20.0,369.86,421.52,1.0,67.0,1,1
58.0,6570.36,189.77,1.0,24.0,2,2
76.0,2264.98,73.19,1.0,213.0,2,2
75.0,5029.87,188.13,1.0,198.0,2,2
62.0,12327.74,30.520000000000003,1.0,122.0,3,3
20.0,420.25,878.22,1.0,118.0,0,0
41.0,6499.53,878.22,1.0,150.0,0,0
62.0,5172.99,170.24,1.0,133.0,2,2
54.0,8981.1,56.62,1.0,121.0,3,3
34.0,7914.999999999999,53.14,1.0,70.0,3,3
27.0,500.84,587.23,1.0,144.0,0,0
43.0,13784.4,283.63535643170053,1.0,75.0,3,3
62.0,7392.79,21.27,1.0,114.0,2,2
26.0,1134.79,878.22,1.0,144.0,0,0
34.0,14765.41,76.02,1.0,189.0,3,3
27.0,5113.438123505975,170.19,5.0,156.0,1,1
68.0,5360.19,155.51,1.0,15.0,2,2
72.0,5878.14,135.15,1.0,50.00000000000001,2,2
56.0,5889.51,39.48,1.0,37.99999999999999,2,2
33.0,4381.54,451.6800000000001,1.0,15.0,0,0
44.67844382691544,8478.46,19.11,1.0,160.0,3,3
26.0,185.47,355.0,1.0,33.0,1,1
43.0,2443.54,427.69,1.0,236.0,0,0
23.0,699.8999999999999,254.86,1.0,102.0,1,1
27.0,4739.59,19.48,1.0,114.0,1,1
49.0,12893.85,190.17,1.0,265.0,3,3
44.67844382691544,2402.58,91.38,1.0,179.0,1,1
59.0,7626.53,206.63,1.0,128.0,2,2
52.0,1014.6300000000001,93.22,1.0,52.00000000000001,2,2
28.0,1358.54,547.9800000000001,1.0,171.0,0,0
23.0,1602.13,641.06,1.0,25.000000000000004,0,0
27.0,1105.89,314.55,2.0,18.999999999999996,1,1
61.0,1731.89,836.4500000000002,1.0,63.0,0,0
29.0,8692.47,878.22,1.0,52.00000000000001,0,0
53.0,12578.75,189.45,1.0,61.99999999999999,3,3
67.0,1712.41,91.84,1.0,80.0,2,2
78.0,3485.03,609.52,1.0,169.0,0,0
78.0,1146.78,859.3000000000001,1.0,68.00000000000001,0,0
50.0,6393.12,100.01,1.0,63.0,2,2
40.0,680.5499999999998,28.780000000000005,1.0,51.00000000000001,1,1
70.0,7037.34,111.07999999999998,1.0,83.0,2,2
69.0,12991.03,470.96,2.0,123.99999999999999,3,3
28.0,105.01,52.23,1.0,96.0,1,1
32.0,1360.85,78.62,1.0,52.00000000000001,1,1
25.0,1649.92,47.79,1.0,37.0,1,1
52.0,5237.36,333.97,1.0,45.0,2,2
33.0,14348.65,30.869999999999997,1.0,295.0,3,3
67.0,5625.55,710.43,1.0,115.0,0,0
41.0,3438.02,220.23,1.0,48.0,1,1
29.0,10668.24,27.28,1.0,96.0,3,3
49.0,2018.9000000000003,101.52,1.0,98.0,2,2
59.0,9500.95,162.65,1.0,147.0,3,3
55.0,2472.99,16.055,1.0,30.0,2,2
38.0,6522.47,270.72,1.0,37.0,3,3
20.0,5113.438123505975,202.34,1.0,134.0,1,1
39.0,778.74,247.57999999999998,1.0,151.99999999999997,1,1
61.0,2246.15,686.17,1.0,119.42293906810038,0,0
25.0,219.53,359.65,1.0,289.0,1,1
38.0,12896.06,109.91000000000001,1.0,90.0,3,3
30.0,8697.11,215.71999999999997,1.0,137.0,3,3
66.0,6414.11,490.76,1.0,156.0,2,2
64.0,5767.51,224.28,1.0,68.00000000000001,2,2
68.0,5113.438123505975,614.0300000000001,1.0,51.00000000000001,0,0
55.0,2991.17,608.79,1.0,157.0,0,0
48.0,5113.438123505975,186.55,1.0,288.0,2,2
20.0,1236.76,840.16,1.0,68.00000000000001,0,0
60.0,13586.99,203.34,1.0,66.0,3,3
26.0,7117.35,90.88,1.0,284.0,1,1
61.0,7235.87,60.11,1.0,122.0,2,2
72.0,7318.64,393.92,1.0,47.0,2,2
43.0,9847.6,19.39,1.0,45.0,3,3
80.0,2968.75,557.41,1.0,49.0,0,0
31.0,9323.71,57.07,1.0,99.0,3,3
18.0,1764.08,395.27,1.0,167.0,1,1
75.0,5683.49,289.05,1.0,116.00000000000001,2,2
33.0,5225.73,46.11,1.0,233.0,1,1
63.0,6445.4,335.5,1.0,47.0,2,2
24.0,289.71,388.07,1.0,68.00000000000001,1,1
51.0,9200.74,520.8600000000001,1.0,66.0,0,0
25.0,300.87,787.41,1.0,39.0,0,0
48.0,743.8999999999999,31.7,1.0,121.0,1,1
21.0,1200.35,22.3,1.0,90.0,1,1
56.0,1562.39,203.12,1.0,181.0,2,2
49.0,7719.709999999999,315.94,1.0,172.0,3,3
54.0,2610.67,192.23,3.0,39.0,2,2
66.0,2060.02,878.22,1.0,51.00000000000001,0,0
20.0,1833.67,16.055,1.0,173.0,1,1
71.0,5396.65,210.77,1.0,161.0,2,2
57.0,12995.7,406.65,1.0,107.0,3,3
40.0,7616.43,422.9,1.0,111.0,0,0
35.0,12500.8,20.62,1.0,225.0,3,3
19.0,1127.08,174.39,1.0,36.0,1,1
76.0,3621.98,16.055,1.0,91.0,2,2
49.0,5212.28,283.63535643170053,1.0,44.0,2,2
58.0,2727.45,54.85,1.0,40.0,2,2
49.0,5117.03,204.7,5.0,95.0,2,2
26.0,6089.79,16.55,1.0,159.0,1,1
58.0,2618.1,91.32,1.0,77.0,2,2
31.0,11988.12,195.49,1.0,119.42293906810038,3,3
55.0,3841.4199999999996,49.62,1.0,111.0,2,2
28.0,321.21,487.16000000000014,1.0,84.00000000000001,1,1
37.0,9754.73,405.6,1.0,44.0,3,3
57.0,9584.52,512.95,1.0,143.0,0,0
31.0,7624.56,345.94,1.0,163.0,1,1
47.0,2485.73,356.56,1.0,52.00000000000001,1,1
36.0,2137.9,16.055,1.0,280.0,1,1
30.0,6412.85,211.69,1.0,111.0,1,1
23.0,707.25,221.49000000000004,1.0,196.0,1,1
48.0,8300.54,278.23,1.0,83.0,3,3
45.0,7717.339999999999,116.88,1.0,263.0,3,3
39.0,6967.03,328.77,1.0,247.0,3,3
54.0,5158.6,77.53,1.0,55.0,2,2
67.0,12031.14,421.74,1.0,103.0,3,3
73.0,7093.68,313.69,1.0,151.99999999999997,2,2
29.0,8539.86,411.72,1.0,153.0,0,0
59.0,7640.57,508.73,1.0,89.0,0,0
24.0,1292.21,153.08,1.0,201.0,1,1
63.0,5958.75,23.01,1.0,166.0,2,2
25.0,708.7399999999999,69.28,1.0,129.0,1,1
28.0,1744.4,51.25,1.0,66.0,1,1
25.0,273.78,407.65,1.0,263.0,1,1
25.0,130.76,459.2500000000001,1.0,59.00000000000001,1,1
49.0,10389.6,301.56,1.0,118.0,3,3
63.0,1048.18,17.67,1.0,91.0,2,2
32.0,12896.68,16.055,1.0,132.0,3,3
43.0,8208.54,401.37,1.0,251.0,3,3
38.0,5244.49,145.4,1.0,24.0,1,1
37.0,11935.14,556.3400000000001,1.0,45.99999999999999,0,0
24.0,1484.76,34.31,1.0,251.0,1,1
23.0,6513.34,780.5900000000001,1.0,145.0,0,0
35.0,13801.15,282.65,1.0,161.0,3,3
68.0,12958.65,305.27,1.0,147.0,3,3
32.0,9588.71,185.81,1.0,116.00000000000001,3,3
49.0,3475.99,66.01,1.0,179.0,2,2
29.0,7544.399999999999,447.94999999999993,1.0,75.0,0,0
19.0,1193.61,279.3,1.0,48.0,1,1
33.0,12063.77,283.63535643170053,1.0,26.999999999999996,3,3
27.0,892.8299999999999,611.1500000000001,1.0,121.0,0,0
54.0,1230.12,275.2,1.0,81.0,2,2
18.0,1479.67,427.79,1.0,189.0,1,1
54.0,1265.28,469.13000000000005,1.0,139.0,0,0
76.0,3228.87,102.81,1.0,47.0,2,2
19.0,1111.67,22.61,1.0,145.0,1,1
56.0,3213.16,68.28,1.0,293.0,2,2
63.0,12719.93,33.65,1.0,146.0,3,3
63.0,2040.77,362.68,1.0,137.0,2,2
20.0,1309.85,73.23,1.0,172.0,1,1
25.0,164.61,654.49,1.0,104.0,0,0
49.0,4230.37,18.56,1.0,161.0,2,2
27.0,761.0,389.05,1.0,41.0,1,1
67.0,2923.83,16.055,1.0,119.42293906810038,2,2
44.67844382691544,7372.47,109.47999999999999,1.0,93.0,3,3
39.0,871.1,66.91,1.0,85.0,1,1
45.0,3023.16,335.48,1.0,155.0,1,1
19.0,1119.21,38.14,1.0,174.0,1,1
60.0,11833.73,878.22,1.0,173.0,0,0
68.0,6400.59,360.02,1.0,68.00000000000001,2,2
63.0,13884.24,567.7100000000002,1.0,80.0,3,3
19.0,620.83,218.19000000000003,1.0,185.0,1,1
19.0,1938.0100000000002,209.99,1.0,40.0,1,1
19.0,964.79,16.055,1.0,280.0,1,1
56.0,1870.16,83.43,1.0,109.0,2,2
34.0,5577.94,344.97,1.0,106.0,1,1
36.0,8700.8,172.29,1.0,283.0,3,3
60.0,2794.66,195.54,1.0,255.0,2,2
45.0,6169.71,101.23,1.0,87.0,3,3
25.0,831.7499999999999,180.46,1.0,34.0,1,1
53.0,2451.56,692.55,1.0,109.0,0,0
34.0,13625.52,147.31,1.0,91.99999999999999,3,3
20.0,1379.39,107.48,1.0,103.0,1,1
62.0,11498.01,878.22,1.0,83.0,0,0
25.0,865.4899999999999,81.51,1.0,97.0,1,1
76.0,7147.4,365.48,1.0,215.99999999999997,2,2
35.0,7833.85,491.1000000000001,1.0,125.0,0,0
80.0,4840.67,452.8000000000001,1.0,151.0,2,2
70.0,7361.47,645.0400000000001,1.0,78.0,0,0
45.0,5128.44,169.28,1.0,114.0,2,2
62.0,12381.45,88.42,1.0,91.0,3,3
29.0,4008.05,155.53,1.0,66.0,1,1
43.0,3493.13,878.22,1.0,300.0,0,0
77.0,6462.41,39.24,1.0,106.0,2,2
42.0,4625.12,152.01,3.0,111.0,2,2
48.0,6470.57,78.77,1.0,50.00000000000001,3,3
48.0,4854.83,26.5,1.0,179.0,2,2
48.0,12652.22,83.62,1.0,146.0,3,3
68.0,11705.88,142.78,1.0,150.0,3,3
35.0,932.61,55.99,1.0,95.0,1,1
61.0,11613.58,774.48,1.0,30.999999999999996,0,0
25.0,1068.55,105.37,1.0,160.0,1,1
28.0,1616.3,118.83000000000001,1.0,295.0,1,1
23.0,471.2799999999999,46.22,1.0,217.0,1,1
21.0,106.86,659.71,1.0,148.0,0,0
72.0,2457.1,377.97,1.0,160.0,2,2
69.0,5882.12,114.10000000000001,1.0,148.0,2,2
55.0,1938.99,16.055,1.0,41.0,2,2
57.0,4079.09,95.5,1.0,17.0,2,2
28.0,860.1199999999999,130.93,1.0,149.0,1,1
68.0,7811.310000000001,272.97,1.0,174.0,2,2
24.0,1181.84,73.35,1.0,47.0,1,1
58.0,10915.54,29.94,1.0,243.0,3,3
19.0,1670.72,307.24,2.0,136.0,1,1
20.0,1121.19,50.52,1.0,140.0,1,1
53.0,5621.86,820.46,1.0,243.0,0,0
56.0,8873.43,153.07,1.0,116.00000000000001,3,3
41.0,6990.92,52.94,1.0,146.0,3,3
60.0,7831.56,384.41,1.0,65.0,2,2
51.0,6173.23,235.42,1.0,175.0,2,2
56.0,9523.72,114.23,1.0,64.0,3,3
33.0,6420.47,16.055,1.0,61.00000000000001,1,1
23.0,1146.09,878.22,1.0,145.0,0,0
35.0,6430.41,373.52,1.0,235.0,1,1
28.0,1635.05,336.05,1.0,164.0,1,1
66.0,6697.79,366.93,1.0,33.0,2,2
58.0,7369.89,112.27,1.0,102.0,2,2
40.0,6903.68,494.96000000000004,1.0,132.0,0,0
65.0,11748.86,561.58,1.0,22.999999999999996,0,0
42.0,7303.23,440.94000000000005,1.0,148.0,0,0
29.0,10619.35,71.9,1.0,51.00000000000001,3,3
54.0,1794.5,256.66,1.0,137.0,2,2
59.0,12970.21,166.55,1.0,99.0,3,3
56.0,120.88999999999999,276.26,1.0,143.0,2,2
67.0,5692.31,35.46,1.0,164.0,2,2
50.0,9879.87,38.14,1.0,165.0,3,3
64.0,6266.65,506.26,1.0,86.0,0,0
31.0,14268.95,736.32,1.0,28.0,0,0
52.0,6449.83,389.43,1.0,151.0,2,2
60.0,6741.41,25.58,1.0,166.0,2,2
25.0,1008.44,446.1,1.0,243.0,1,1
23.0,1711.78,147.74,1.0,15.0,1,1
26.0,1821.0,878.22,1.0,254.0,0,0
77.0,5107.75,46.23,1.0,282.0,2,2
33.0,5229.95,265.37,1.0,77.0,1,1
20.0,339.16,342.57,1.0,91.0,1,1
32.0,10442.48,417.26,1.0,45.0,0,0
63.0,4324.4,33.63,1.0,75.99999999999999,2,2
55.0,6292.29,64.58,1.0,173.0,2,2
21.0,269.01,23.23,1.0,122.0,1,1
78.0,5113.438123505975,283.63535643170053,1.0,112.0,2,2
64.0,1334.09,278.88,2.0,179.0,2,2
53.0,6366.84,285.49,1.0,109.0,2,2
22.0,1839.1,71.87,1.0,258.0,1,1
53.0,3966.5399999999995,308.8,1.0,41.0,2,2
44.67844382691544,9983.36,135.35,1.0,82.0,3,3
66.0,4577.09,288.43,1.0,72.0,2,2
65.0,7458.029999999999,147.46,1.0,205.0,2,2
32.0,6397.29,214.15,1.0,217.0,1,1
49.0,6345.03,71.34,3.0,144.0,2,2
30.0,6034.73,170.36,1.0,118.0,1,1
53.0,765.8099999999998,878.22,1.0,32.0,0,0
55.0,9826.26,736.53,1.0,120.0,0,0
45.0,3736.3800000000006,213.42,1.0,17.0,2,2
27.0,646.8499999999999,94.09,1.0,203.0,1,1
72.0,6385.12,91.23,1.0,86.0,2,2
57.0,4161.71,263.92,1.0,233.0,2,2
51.0,11079.77,77.5,1.0,201.0,3,3
69.0,10017.11,16.055,1.0,146.0,3,3
26.0,1644.09,43.88,1.0,251.0,1,1
28.0,387.65,283.63535643170053,1.0,132.0,1,1
18.0,528.38,224.79,1.0,129.0,1,1
55.0,7530.299999999999,64.3,1.0,67.0,3,3
62.0,10887.59,111.78999999999999,1.0,49.0,3,3
59.0,7104.61,878.22,1.0,153.0,0,0
61.0,7307.11,613.7,1.0,37.0,0,0
20.0,349.98,26.07,3.0,18.999999999999996,1,1
60.0,2284.41,170.45,1.0,199.0,2,2
22.0,1918.3600000000001,344.27,1.0,123.0,1,1
22.0,503.01,872.72,1.0,288.0,0,0
37.0,1216.91,292.95,1.0,56.0,1,1
18.0,1071.04,28.44,1.0,243.0,1,1
21.0,187.9,209.02,1.0,74.0,1,1
72.0,7145.67,20.05,1.0,171.0,2,2
28.0,1493.88,175.02,1.0,71.0,1,1
41.0,8658.95,89.5,1.0,134.0,3,3
28.0,164.12,69.96,1.0,30.999999999999996,1,1
53.0,7089.9,146.51,1.0,119.42293906810038,3,3
21.0,841.6499999999999,376.78,1.0,88.0,1,1
71.0,5677.05,148.54,1.0,107.0,2,2
26.0,1658.49,388.77,1.0,30.0,1,1
63.0,10171.68,100.38,1.0,49.0,3,3
64.0,13847.99,137.23,1.0,63.0,3,3
51.0,3688.98,870.3000000000001,1.0,229.0,0,0
52.0,5619.95,458.9400000000001,1.0,180.0,0,0
20.0,342.08,327.35,1.0,175.0,1,1
53.0,4702.86,757.1500000000001,1.0,37.99999999999999,0,0
44.67844382691544,12703.24,16.055,1.0,47.0,3,3
73.0,6659.81,47.23,1.0,160.0,2,2
42.0,7860.65,239.40999999999997,1.0,247.99999999999997,3,3
55.0,5113.438123505975,16.055,1.0,29.000000000000004,2,2
26.0,1265.27,170.97,1.0,292.0,1,1
37.0,12841.01,262.43,5.0,274.0,3,3
22.0,1241.59,659.15,1.0,204.0,0,0
25.0,874.93,31.53,1.0,283.0,1,1
48.0,5716.72,111.66,1.0,140.0,2,2
62.0,1541.48,250.01000000000002,1.0,88.0,2,2
49.0,14817.22,554.1500000000001,1.0,107.99999999999999,0,0
32.0,2587.11,598.66,1.0,222.0,0,0
55.0,173.7,28.38,1.0,98.0,2,2
49.0,11847.07,16.8,1.0,94.0,3,3
33.0,11146.74,878.22,1.0,168.00000000000003,0,0
49.0,369.79,159.0,1.0,37.99999999999999,1,1
75.0,6396.08,56.31,1.0,195.0,2,2
52.0,4840.31,203.99,1.0,215.0,2,2
29.0,1334.6,50.99,1.0,75.99999999999999,1,1
32.0,2774.35,101.28,1.0,75.0,1,1
27.0,1368.0,299.92,1.0,122.0,1,1
67.0,4536.38,77.54,1.0,73.0,2,2
21.0,1293.39,18.35,1.0,78.0,1,1
26.0,441.54,732.5300000000001,1.0,116.00000000000001,0,0
34.0,8485.14,65.11,1.0,150.0,3,3
24.0,999.6200000000001,67.07,1.0,56.0,1,1
55.0,14273.42,137.48,1.0,47.0,3,3
22.0,1863.7,398.36,1.0,56.0,1,1
20.0,8640.56,469.46000000000004,1.0,149.0,0,0
57.0,259.44,37.58,1.0,182.0,2,2
31.0,5526.97,160.24,1.0,15.0,1,1
23.0,929.6,315.39,1.0,93.0,1,1
21.0,5335.44,434.1700000000001,5.0,148.0,1,1
26.0,587.1199999999999,165.91,1.0,84.00000000000001,1,1
47.0,4760.34,211.36,1.0,194.0,2,2
26.0,1594.04,241.45,1.0,158.0,1,1
68.0,13777.79,23.24,1.0,129.0,3,3
74.0,1794.65,70.88,1.0,176.0,2,2
66.0,7677.760000000001,878.22,1.0,111.0,0,0
80.0,7071.32,314.52,1.0,229.0,2,2
78.0,7525.7300000000005,181.81,1.0,122.0,2,2
56.0,2989.25,854.6400000000001,1.0,118.0,0,0
64.0,7620.6,261.19,1.0,52.00000000000001,2,2
71.0,5549.2,220.68,1.0,217.0,2,2
31.0,6782.61,16.055,1.0,129.0,1,1
28.0,1968.51,122.64999999999999,1.0,41.0,1,1
56.0,5340.73,395.16,1.0,17.0,2,2
51.0,3267.84,704.69,1.0,150.0,0,0
69.0,6941.47,369.89,1.0,69.00000000000001,2,2
67.0,7567.2,16.055,1.0,268.0,2,2
31.0,7001.25,199.14,1.0,36.0,1,1
70.0,1983.65,109.43,1.0,140.0,2,2
20.0,686.9099999999999,304.15,1.0,40.0,1,1
28.0,213.36,620.5400000000001,1.0,98.0,0,0
22.0,1443.02,757.7900000000001,1.0,117.0,0,0
52.0,8450.84,122.81,1.0,12.0,3,3
61.0,7996.699999999999,96.25,1.0,171.0,3,3
30.0,5567.98,878.22,1.0,49.0,0,0
67.0,1262.68,142.55,1.0,97.0,2,2
23.0,1697.28,35.94,1.0,141.0,1,1
58.0,2591.65,24.86,1.0,292.0,2,2
60.0,12002.16,103.08,1.0,109.0,3,3
57.0,8726.92,116.26999999999998,1.0,94.0,3,3
73.0,5415.64,363.84,3.0,118.0,2,2
44.67844382691544,3736.57,34.74,1.0,72.0,2,2
19.0,1225.69,64.01,1.1216216216216217,240.0,1,1
50.0,14829.85,108.75,4.0,22.999999999999996,3,3
28.0,1277.7,50.9,1.0,150.0,1,1
20.0,454.66,206.84,1.0,154.0,1,1
20.0,1519.51,37.4,1.0,84.00000000000001,1,1
46.0,8045.77,154.21,1.0,75.0,3,3
24.0,1331.3,199.37,1.0,79.0,1,1
25.0,1843.57,410.49,1.0,119.42293906810038,1,1
67.0,6601.5,878.22,1.0,218.0,0,0
56.0,8422.2,18.23,1.0,28.0,3,3
47.0,7987.740000000001,398.7,1.0,276.0,3,3
22.0,327.68,122.13999999999999,1.0,119.42293906810038,1,1
40.0,7372.81,378.2,1.0,167.0,3,3
49.0,2987.97,124.73999999999998,1.0,33.0,2,2
53.0,1619.54,17.1,1.0,101.0,2,2
22.0,1204.65,287.05,1.0,212.0,1,1
28.0,4630.58,874.7199999999999,1.0,173.0,0,0
24.0,1380.34,878.22,1.0,150.0,0,0
36.0,14304.38,40.12,1.0,269.0,3,3
49.0,3215.76,125.0,1.0,177.0,2,2
24.0,1022.94,348.44,1.0,147.0,1,1
69.0,2610.64,128.4,1.0,30.999999999999996,2,2
55.0,9451.66,320.93,1.0,178.0,3,3
53.0,1244.17,16.055,1.0,278.0,2,2
54.0,12815.24,50.52,1.0,293.0,3,3
31.0,9933.56,383.95,1.0,143.0,3,3
23.0,921.23,16.055,1.0,158.0,1,1
56.0,6009.43,329.75,1.0,211.0,2,2
45.0,602.3599999999999,878.22,1.0,234.0,0,0
18.0,1769.33,40.79,1.0,80.0,1,1
63.0,2570.34,99.25,1.0,93.0,2,2
69.0,3240.14,150.6,1.0,59.00000000000001,2,2
73.0,1229.32,29.5,1.0,129.0,2,2
65.0,8019.890000000001,54.339999999999996,1.0,45.99999999999999,2,2
53.0,14328.29,18.25,1.0,18.0,3,3
27.0,330.16,633.8700000000001,1.0,175.0,0,0
19.0,1595.26,81.15,1.0,114.0,1,1
75.0,7413.18,83.95,1.0,170.0,2,2
61.0,2563.91,410.4,1.0,78.0,2,2
33.0,10724.95,172.68,1.0,17.0,3,3
34.0,2969.71,139.88,1.0,162.0,1,1
28.0,761.7799999999999,165.55,1.0,115.0,1,1
54.0,6229.36,53.79,3.0,137.0,2,2
63.0,2552.54,285.69,1.0,35.0,2,2
22.0,1033.73,532.4,1.0,149.0,1,1
25.0,1919.97,293.85,1.0,144.0,1,1
79.0,1893.4399999999998,27.939999999999998,1.0,120.0,2,2
25.0,1783.04,270.36,1.0,37.0,1,1
29.0,852.98,112.66,3.0,176.0,1,1
21.0,1123.89,506.03,1.0,21.000000000000004,1,1
22.0,1817.65,206.95,1.0,30.999999999999996,1,1
63.0,5463.94,350.96,1.0,167.0,2,2
20.0,477.03,261.63,1.0,150.0,1,1
59.0,8874.01,46.12,1.0,30.0,3,3
63.0,5365.2,27.249999999999996,1.0,91.99999999999999,2,2
26.0,7858.41,878.22,1.0,171.0,0,0
76.0,7216.3,331.66,1.0,145.0,2,2
62.0,13558.56,667.95,1.0,253.0,0,0
49.0,7872.04,49.84,1.0,146.0,3,3
72.0,5200.04,556.04,1.0,26.999999999999996,0,0
18.0,1779.85,88.06,1.0,288.0,1,1
58.0,13264.14,745.95,1.0,127.0,0,0
19.0,467.4,67.25,1.0,157.0,1,1
29.0,9873.62,93.63,1.0,141.0,3,3
22.0,1257.9,74.11,1.0,49.0,1,1
77.0,6067.54,41.13,1.0,58.00000000000001,2,2
79.0,5169.07,192.02,1.0,154.0,2,2
77.0,6878.86,291.27,1.0,121.0,2,2
23.0,558.99,296.46,1.0,136.0,1,1
27.0,1400.04,341.84,1.0,89.0,1,1
27.0,912.7099999999999,98.41,1.0,48.0,1,1
36.0,6338.35,109.27999999999999,4.0,112.0,3,3
40.0,13645.63,27.510000000000005,1.0,103.0,3,3
76.0,4909.24,16.055,1.1216216216216217,77.0,2,2
25.0,570.0999999999999,207.71,1.0,63.0,1,1
45.0,11749.77,25.77,1.0,277.0,3,3
52.0,6118.2,127.57,1.0,75.0,2,2
60.0,4383.69,392.05,1.0,172.0,2,2
41.0,4004.55,521.0100000000001,1.0,73.0,0,0
25.0,373.88,849.76,1.0,269.0,0,0
68.0,6851.16,172.5,1.0,30.999999999999996,2,2
30.0,9700.77,265.44,1.1216216216216217,169.0,3,3
55.0,6853.51,152.34,1.0,115.0,2,2
28.0,948.7,21.13,1.0,153.0,1,1
46.0,12221.17,111.55,1.0,101.0,3,3
32.0,6500.5,321.82,1.0,43.0,1,1
45.0,9927.75,878.22,1.0,279.0,0,0
67.0,2138.42,148.77,1.0,175.0,2,2
57.0,3908.6499999999996,16.055,1.0,154.0,2,2
44.67844382691544,11041.9,878.22,1.0,121.0,0,0
24.0,379.82,566.3300000000002,1.0,66.0,1,1
51.0,3921.74,206.51,1.0,275.0,2,2
75.0,7659.990000000001,180.94,1.0,57.0,2,2
21.0,664.7199999999999,77.9,1.0,128.0,1,1
21.0,1167.25,318.92,1.0,60.00000000000001,1,1
59.0,5896.01,583.3000000000001,1.0,142.0,0,0
63.0,1123.75,100.68,1.0,139.0,2,2
62.0,2039.4,589.6400000000001,1.0,210.0,0,0
25.0,1864.27,225.93000000000004,1.0,199.0,1,1
72.0,2325.78,651.5500000000001,1.0,82.0,0,0
38.0,5926.31,80.97,1.0,157.0,3,3
25.0,399.57,191.89,1.0,14.0,1,1
78.0,1916.34,304.75,1.0,125.0,2,2
68.0,2732.86,201.53,1.0,287.0,2,2
22.0,1115.3,16.055,1.0,141.0,1,1
30.0,7334.08,435.98,1.0,105.0,0,0
19.0,1024.19,743.2400000000001,1.0,109.0,0,0
57.0,10971.32,16.27,1.0,44.0,3,3
45.0,14631.88,290.86,1.0,36.0,3,3
41.0,14928.35,85.73,1.0,266.0,3,3
22.0,830.3699999999999,555.71,1.0,73.0,1,1
23.0,6408.8,40.03,1.0,200.00000000000003,1,1
25.0,1997.3299999999997,73.01,1.0,61.99999999999999,1,1
44.0,13084.27,346.12,1.0,12.0,3,3
47.0,5684.09,16.055,5.0,175.0,2,2
75.0,2760.37,252.93,1.0,222.0,2,2
19.0,868.9099999999999,238.54,4.0,12.0,1,1
61.0,5838.91,878.22,1.1216216216216217,129.0,0,0
67.0,8937.35,58.70000000000001,1.0,141.0,2,2
40.0,8528.72,16.055,1.0,145.0,3,3
45.0,425.77,540.4,1.0,272.0,0,0
64.0,8459.26,264.14,1.0,125.0,2,2
75.0,2649.23,248.15,1.0,202.0,2,2
54.0,6659.12,24.34,1.0,110.0,2,2
66.0,11937.04,428.61,1.0,61.99999999999999,3,3
39.0,6794.17,117.66,1.0,126.0,3,3
60.0,2064.76,165.8,1.0,287.0,2,2
65.0,3139.75,289.18,1.0,64.0,2,2
21.0,202.69,125.39000000000001,1.0,140.0,1,1
58.0,4474.2,305.18,1.0,215.99999999999997,2,2
64.0,11471.87,506.8999999999999,1.0,56.0,3,3
25.0,1107.28,504.1200000000001,1.0,101.0,1,1
29.0,5526.28,42.09,1.0,118.0,1,1
32.0,9679.68,607.28,1.0,84.00000000000001,0,0
77.0,1033.94,91.9,1.0,125.0,2,2
22.0,1833.24,303.43,1.0,30.0,1,1
20.0,983.6799999999998,668.78,1.0,141.0,0,0
20.0,269.78,270.54,1.0,139.0,1,1
37.0,9801.48,247.93,1.0,79.0,3,3
19.0,888.6,34.67,1.0,71.0,1,1
18.0,290.24,326.03,1.0,137.0,1,1
25.0,958.7,148.26,1.0,57.0,1,1
19.0,1605.67,878.22,1.0,37.99999999999999,0,0
60.0,8590.5,373.99,1.0,140.0,3,3
49.0,5461.08,254.34,1.0,119.42293906810038,2,2
25.0,1804.5,819.48,1.0,26.0,0,0
49.0,7975.179999999999,16.055,1.0,173.0,3,3
40.0,222.22,57.16,1.0,74.0,1,1
37.0,6857.2,282.26,1.0,278.0,3,3
46.0,2028.92,46.96,1.0,119.42293906810038,1,1
34.0,248.52,473.2,1.0,173.0,1,1
59.0,3019.04,192.97,1.0,140.0,2,2
18.0,1523.57,168.99,1.0,203.0,1,1
80.0,5571.39,16.055,1.0,60.00000000000001,2,2
55.0,1514.34,40.9,1.0,37.0,2,2
61.0,1817.43,78.91,1.0,157.0,2,2
22.0,6269.12,169.97,1.0,12.0,1,1
61.0,2281.9,17.79,5.0,162.0,2,2
48.0,2006.69,486.6100000000001,1.0,130.0,0,0
58.0,2189.38,148.13,1.0,56.0,2,2
61.0,11036.74,164.52,1.0,162.0,3,3
27.0,447.06,720.89,1.0,120.0,0,0
53.0,2104.74,268.7,1.0,63.0,2,2
51.0,5183.5,637.3400000000001,1.0,278.0,0,0
47.0,643.6399999999999,216.76,1.0,138.0,1,1
46.0,11011.86,418.02,1.0,110.0,3,3
46.0,951.3300000000002,292.03,1.0,154.0,1,1
57.0,2561.67,251.40000000000003,1.0,178.0,2,2
21.0,1549.27,184.56,1.0,93.0,1,1
26.0,3253.51,33.76,1.0,227.0,1,1
45.0,5113.438123505975,253.45999999999998,1.0,60.00000000000001,2,2
65.0,3910.5900000000006,878.22,1.0,173.0,0,0
22.0,206.2,138.68,1.0,44.0,1,1
18.0,4361.44,42.56,1.0,146.0,1,1
21.0,572.97,680.76,1.0,165.0,0,0
70.0,4580.59,53.83,1.0,131.0,2,2
51.0,2990.05,16.055,1.0,95.0,2,2
63.0,5208.98,37.81,1.0,195.0,2,2
67.0,1025.99,449.18,1.0,50.00000000000001,0,0
30.0,13534.3,878.22,1.0,250.0,0,0
39.0,1461.17,297.6,1.0,162.0,1,1
32.0,6333.72,683.7500000000001,1.0,106.0,0,0
48.0,8551.6,21.4,1.0,129.0,3,3
78.0,4273.99,315.94,1.0,93.0,2,2
61.0,13054.54,331.32,5.0,137.0,3,3
74.0,4102.23,223.75999999999996,1.0,110.0,2,2
42.0,10462.77,216.02999999999997,1.0,300.0,3,3
74.0,6851.31,17.42,1.0,150.0,2,2
78.0,2421.94,491.91,1.0,155.0,2,2
74.0,4639.04,350.11,1.0,178.0,2,2
23.0,443.62,218.07,1.0,243.0,1,1
48.0,6312.79,291.09,1.0,119.42293906810038,3,3
26.0,1436.32,422.14,1.0,109.0,1,1
61.0,3279.12,613.21,1.0,157.0,0,0
69.0,6020.29,73.83,1.0,69.00000000000001,2,2
59.0,5925.98,67.33,1.0,36.0,2,2
62.0,1674.94,26.92,1.0,43.0,2,2
48.0,3733.5200000000004,18.3,1.0,155.0,2,2
54.0,2996.51,317.94,1.0,123.99999999999999,2,2
40.0,11666.18,179.38,1.0,173.0,3,3
68.0,7006.46,878.22,1.0,139.0,0,0
37.0,2735.84,16.055,1.0,209.0,1,1
25.0,1073.51,365.43,1.0,176.0,1,1
71.0,6996.35,263.59,1.0,16.0,2,2
34.0,4943.49,54.79999999999999,1.0,140.0,1,1
24.0,1665.58,141.49,1.0,75.0,1,1
20.0,998.4900000000001,31.390000000000004,1.0,15.0,1,1
39.0,8422.06,93.82,1.0,176.0,3,3
21.0,1285.42,16.055,1.0,106.0,1,1
34.0,8469.43,178.39,1.0,98.0,3,3
22.0,692.6899999999999,126.90999999999998,1.0,42.00000000000001,1,1
53.0,12319.26,36.09,1.0,167.0,3,3
51.0,9240.73,91.77,1.0,174.0,3,3
36.0,2854.66,198.92,1.0,100.00000000000001,1,1
58.0,2631.47,137.81,1.0,44.0,2,2
24.0,7465.950000000001,136.88,1.0,71.0,1,1
21.0,1670.99,133.07,1.0,155.0,1,1
43.0,13913.92,16.055,1.0,137.0,3,3
69.0,7471.630000000001,256.34,1.0,99.0,2,2
36.0,11123.65,56.10999999999999,1.0,109.0,3,3
50.0,7976.6,118.09999999999998,1.0,50.00000000000001,3,3
66.0,8046.939999999999,137.86,1.0,120.0,2,2
54.0,14935.500000000002,813.78,1.0,55.0,0,0
69.0,13486.15,237.97000000000003,1.0,69.00000000000001,3,3
21.0,526.67,684.96,1.0,30.999999999999996,0,0
60.0,4954.37,878.22,1.0,139.0,0,0
68.0,8942.58,276.56,1.0,15.0,2,2
79.0,4044.6199999999994,16.055,1.0,199.0,2,2
65.0,4148.85,637.48,1.0,207.0,0,0
51.0,11388.15,103.15,1.0,179.0,3,3
52.0,5347.57,505.60000000000014,1.0,183.0,0,0
46.0,1329.45,371.86,1.0,91.0,1,1
50.0,2475.65,16.055,1.0,37.0,2,2
43.0,1019.46,16.055,1.0,98.0,1,1
40.0,14321.73,167.92,2.0,136.0,3,3
56.0,2833.12,73.01,1.0,101.0,2,2
61.0,12148.32,201.5,1.0,196.0,3,3
41.0,14371.08,150.3,1.0,204.0,3,3
46.0,7947.439999999999,23.7,1.0,32.0,3,3
48.0,6037.03,49.59,1.0,147.0,3,3
22.0,387.02,720.13,1.0,96.0,0,0
19.0,1081.97,134.92,1.0,101.0,1,1
18.0,729.7,116.97,1.0,299.0,1,1
34.0,2782.21,16.055,3.0,13.0,1,1
50.0,5245.93,88.29,1.0,287.0,2,2
25.0,1290.95,16.055,1.0,222.0,1,1
32.0,6494.25,103.48,1.0,33.0,1,1
70.0,4004.35,156.74,1.0,136.0,2,2
68.0,2525.47,505.14,1.0,179.0,0,0
46.0,11014.25,31.06,1.0,61.00000000000001,3,3
50.0,6275.0,16.055,1.0,163.0,3,3
53.0,1733.34,276.16,1.0,71.0,2,2
68.0,5294.98,145.77,1.0,237.0,2,2
34.0,5018.67,369.44,1.0,18.999999999999996,1,1
60.0,9844.32,558.86,1.0,95.0,0,0
26.0,712.1299999999999,429.15,1.0,218.0,1,1
33.0,6217.58,36.74,1.0,133.0,1,1
57.0,2229.56,79.14,1.0,22.0,2,2
36.0,9313.05,132.48,1.0,101.0,3,3
52.0,4618.53,136.48,4.0,138.0,2,2
55.0,6747.16,203.76,1.0,37.0,2,2
78.0,5134.37,750.95,1.0,26.999999999999996,0,0
52.0,2207.54,16.055,1.0,30.999999999999996,2,2
67.0,13336.15,257.18,1.0,28.0,3,3
63.0,1801.69,767.6600000000001,1.0,155.0,0,0
54.0,522.39,182.29,1.0,123.0,2,2
54.0,9381.64,184.51,1.0,118.0,3,3
62.0,2963.29,451.3100000000001,5.0,166.0,2,2
57.0,11523.64,144.1,1.0,30.0,3,3
40.0,12723.62,72.5,1.0,30.0,3,3
69.0,3920.11,74.11,4.0,71.0,2,2
44.0,7451.83,22.15,1.0,73.0,3,3
62.0,7061.58,777.92,1.0,97.0,0,0
28.0,985.7700000000001,790.07,1.0,197.0,0,0
59.0,4298.34,406.33,1.0,103.0,2,2
56.0,12799.34,767.4100000000001,1.0,26.999999999999996,0,0
21.0,811.2399999999999,16.055,1.0,135.0,1,1
53.0,13273.08,283.63535643170053,1.0,88.0,3,3
21.0,842.94,49.67,1.0,146.0,1,1
49.0,2471.53,77.83,1.0,146.0,2,2
19.0,1237.5,702.8700000000001,1.0,183.99999999999997,0,0
25.0,783.8299999999999,133.56,1.0,177.0,1,1
49.0,3931.03,868.0499999999998,1.0,119.0,0,0
24.0,960.96,52.87,1.0,70.0,1,1
78.0,7310.88,179.0,1.0,121.0,2,2
73.0,1385.74,878.22,1.0,37.0,0,0
58.0,7902.5199999999995,384.11,1.0,12.0,2,2
71.0,4405.28,227.61,1.0,61.00000000000001,2,2
48.0,3944.12,40.83,1.0,24.0,2,2
20.0,1523.04,19.76,1.0,240.0,1,1
67.0,8042.299999999999,484.23999999999995,1.0,77.0,2,2
33.0,5531.93,283.63535643170053,1.0,110.0,1,1
21.0,560.73,301.47,1.0,291.0,1,1
70.0,1658.52,199.09,1.0,89.0,2,2
27.0,731.52,38.95,1.0,50.00000000000001,1,1
29.0,1389.89,515.9400000000002,1.0,37.0,1,1
48.0,5081.26,41.93,1.0,136.0,2,2
27.0,1000.3500000000001,137.84,1.0,119.42293906810038,1,1
21.0,1639.9,95.35,1.0,131.0,1,1
67.0,5473.82,93.14,1.0,151.0,2,2
64.0,1729.26,878.22,1.0,159.0,0,0
51.0,14798.1,79.33,1.0,109.0,3,3
55.0,5113.438123505975,76.89,1.0,132.0,2,2
19.0,1231.98,233.71,1.0,297.0,1,1
26.0,6611.26,16.055,1.0,120.0,1,1
60.0,883.7199999999999,242.17,1.0,147.0,2,2
79.0,5055.99,122.98,1.0,228.0,2,2
52.0,7166.88,129.35,1.0,130.0,3,3
21.0,232.56,138.33,1.0,69.00000000000001,1,1
25.0,1236.38,39.31,1.0,178.0,1,1
21.0,802.09,91.85,1.0,148.0,1,1
58.0,1423.2,277.7,1.0,107.0,2,2
51.0,13388.56,114.03,1.0,172.0,3,3
27.0,2801.28,302.63,1.0,10.0,1,1
52.0,5545.96,31.189999999999998,1.0,74.0,2,2
27.0,4764.48,112.90999999999998,1.0,135.0,1,1
27.0,7868.189999999999,742.2600000000001,1.0,36.0,0,0
26.0,1128.38,256.8,1.0,80.0,1,1
60.0,7627.04,378.68,1.0,239.0,3,3
52.0,4026.0300000000007,571.93,1.0,119.0,0,0
77.0,7095.76,26.31,1.0,163.0,2,2
20.0,1501.95,205.58,1.0,119.42293906810038,1,1
48.0,3656.93,533.61,1.0,115.0,0,0
55.0,3473.24,428.62,1.0,72.0,0,0
64.0,7061.73,361.22,1.0,167.0,2,2
25.0,6012.67,837.29,1.0,215.99999999999997,0,0
31.0,13694.68,117.25,1.0,73.0,3,3
48.0,9410.51,135.27,1.0,131.0,3,3
53.0,6115.63,185.1,1.0,22.999999999999996,2,2
38.0,5581.21,113.54,1.0,273.0,3,3
69.0,6712.94,354.96,1.0,96.0,2,2
53.0,8400.87,224.22,1.0,37.0,3,3
60.0,4644.19,737.1000000000001,1.0,91.99999999999999,0,0
27.0,1734.22,223.22,1.0,96.0,1,1
69.0,5237.12,557.26,1.0,53.00000000000001,0,0
33.0,969.06,878.22,1.0,95.0,0,0
62.0,5950.48,27.440000000000005,1.0,164.0,2,2
36.0,9962.5,310.09,1.0,166.0,3,3
52.0,9662.88,80.38,1.0,116.00000000000001,3,3
66.0,5243.0,26.1,1.0,115.0,2,2
73.0,1702.65,845.1400000000001,1.0,183.0,0,0
27.0,800.93,59.730000000000004,1.0,56.0,1,1
60.0,7231.47,758.7700000000001,1.0,114.0,0,0
22.0,1052.31,301.51,1.0,284.0,1,1
58.0,10721.29,418.03,1.0,161.0,3,3
32.0,13560.63,118.06000000000002,1.0,30.999999999999996,3,3
70.0,3138.0,483.92,1.0,115.0,2,2
38.0,9916.24,78.93,1.0,145.0,3,3
75.0,7941.73,36.63,1.0,261.0,2,2
49.0,3753.2400000000002,87.85,1.0,63.0,2,2
31.0,9733.83,878.22,1.0,55.0,0,0
59.0,5003.22,705.3400000000001,1.0,123.99999999999999,0,0
54.0,4087.4400000000005,146.55,5.0,123.99999999999999,2,2
71.0,4880.31,116.89000000000001,1.0,226.0,2,2
57.0,1310.38,106.41,1.0,87.0,2,2
78.0,2513.51,878.22,1.0,103.0,0,0
23.0,4475.22,584.4100000000001,1.0,41.0,0,0
55.0,6521.05,584.98,1.0,121.0,0,0
56.0,1615.04,79.21,1.0,140.0,2,2
20.0,1490.34,173.13,1.0,288.0,1,1
80.0,6601.44,335.7,1.0,57.0,2,2
50.0,8611.17,878.22,1.0,109.0,0,0
28.0,1929.2799999999997,422.81,1.0,193.0,1,1
57.0,5315.83,135.43,1.0,91.99999999999999,2,2
26.0,548.45,584.88,1.0,121.0,0,0
25.0,1931.6599999999999,308.94,1.0,167.0,1,1
36.0,1050.63,295.93,1.0,117.0,1,1
19.0,9963.39,878.22,1.0,50.00000000000001,0,0
58.0,1950.63,77.44,1.0,268.0,2,2
40.0,6295.45,92.5,1.0,70.0,3,3
41.0,4113.63,97.74,1.0,137.0,1,1
21.0,1451.02,291.68,1.0,90.0,1,1
22.0,1597.85,56.96,1.0,135.0,1,1
27.0,1256.33,436.8,1.0,91.99999999999999,1,1
72.0,7320.61,259.49,1.0,292.0,2,2
57.0,2150.38,726.2600000000001,1.0,147.0,0,0
72.0,2940.04,568.68,1.0,101.0,0,0
49.0,12801.93,77.57,1.0,225.0,3,3
29.0,4272.41,878.22,1.0,40.0,0,0
74.0,5399.76,16.055,1.0,290.0,2,2
61.0,2467.39,878.22,1.0,48.0,0,0
27.0,7537.400000000001,61.32999999999999,1.0,129.0,1,1
54.0,7498.509999999999,27.640000000000004,1.0,22.999999999999996,2,2
29.0,10506.41,16.055,1.0,32.0,3,3
73.0,6505.98,431.2200000000001,1.0,129.0,2,2
55.0,7568.400000000001,178.55,1.0,67.0,3,3
18.0,546.46,248.76,1.0,56.0,1,1
23.0,1072.25,76.16,1.0,99.0,1,1
69.0,7273.55,347.25,1.0,250.0,2,2
57.0,11197.54,28.040000000000003,1.1216216216216217,146.0,3,3
19.0,782.35,325.98,1.0,277.0,1,1
76.0,4444.95,249.56,1.0,246.0,2,2
56.0,10658.88,17.43,1.0,33.0,3,3
26.0,250.93000000000004,198.01,1.0,40.0,1,1
23.0,1729.02,585.5800000000002,1.0,55.0,0,0
27.0,1298.13,434.6700000000001,1.0,123.99999999999999,1,1
27.0,5828.48,510.7000000000001,1.0,294.0,0,0
74.0,7600.99,331.98,1.0,12.0,2,2
56.0,9603.73,199.54,1.0,268.0,3,3
59.0,4180.4,212.97,1.0,178.0,2,2
23.0,1268.44,270.56,1.0,139.0,1,1
26.0,9609.67,306.37,1.0,120.0,1,1
38.0,11989.39,643.02,1.0,85.0,0,0
47.0,9538.92,98.48,1.0,12.0,3,3
36.0,4826.88,878.22,1.0,169.0,0,0
27.0,293.06,537.8600000000001,1.0,134.0,1,1
25.0,1445.53,241.18,1.0,162.0,1,1
64.0,11204.62,130.54,1.0,94.0,3,3
20.0,693.4,800.2900000000001,1.0,84.00000000000001,0,0
57.0,13523.65,16.055,1.0,165.0,3,3
20.0,662.51,28.52,1.0,163.0,1,1
23.0,342.73,431.31,1.0,99.0,1,1
47.0,7764.159999999999,878.22,1.0,59.00000000000001,0,0
29.0,9834.0,199.23,1.0,53.99999999999999,3,3
44.0,268.77,42.26,1.0,171.0,1,1
30.0,5397.68,166.06,1.0,172.0,1,1
53.0,7659.500000000001,357.72,1.0,25.000000000000004,3,3
28.0,1926.0799999999997,588.3700000000001,1.0,284.0,0,0
68.0,6911.62,72.82,1.0,127.0,2,2
36.0,7527.040000000001,162.36,1.0,147.0,3,3
43.0,12071.1,584.8200000000002,1.0,109.0,0,0
72.0,1425.47,38.15,1.0,129.0,2,2
23.0,1598.63,477.53999999999996,1.0,52.00000000000001,1,1
60.0,11726.47,639.57,1.0,43.0,0,0
28.0,9189.76,58.23,1.0,34.0,1,1
78.0,4895.87,776.21,1.0,99.0,0,0
21.0,6178.77,283.63535643170053,1.0,117.0,1,1
67.0,7167.57,188.61,1.0,26.0,2,2
56.0,4704.91,675.3700000000001,1.0,30.999999999999996,0,0
67.0,1267.72,94.82,1.0,56.0,2,2
59.0,5790.55,425.18,1.0,135.0,2,2
60.0,5729.1,50.28,1.0,65.0,2,2
34.0,7379.38,864.72,1.0,119.42293906810038,0,0
25.0,1478.41,70.68,1.0,105.0,1,1
28.0,824.7099999999999,261.77,1.0,45.99999999999999,1,1
27.0,1024.42,183.22,1.0,63.0,1,1
29.0,6027.49,58.31999999999999,4.0,275.0,1,1
51.0,14453.35,156.86,1.0,102.0,3,3
42.0,5374.54,120.67,1.0,233.0,3,3
59.0,9148.08,308.62,1.0,101.0,3,3
59.0,2757.23,506.81,1.0,41.0,0,0
41.0,2523.83,328.39,1.0,107.99999999999999,1,1
67.0,1498.79,796.3,1.0,64.0,0,0
29.0,1305.56,72.47,1.0,72.0,1,1
25.0,1910.9000000000003,279.6,1.0,131.0,1,1
25.0,423.64,304.2,1.0,102.0,1,1
64.0,7606.63,351.38,1.0,21.000000000000004,2,2
31.0,842.5599999999998,86.07,1.0,22.999999999999996,1,1
28.0,709.4199999999998,604.5,1.0,80.0,0,0
27.0,1358.37,258.7,1.0,123.0,1,1
61.0,13538.14,878.22,1.0,158.0,0,0
75.0,7258.33,16.055,1.0,64.0,2,2
69.0,4980.26,63.76,1.0,100.00000000000001,2,2
55.0,1623.5,446.83,1.0,143.0,0,0
26.0,4401.78,63.53999999999999,1.0,136.0,1,1
48.0,2051.37,81.11,1.0,110.0,1,1
58.0,13704.92,441.26,5.0,87.0,3,3
64.0,13374.89,170.96,1.0,69.00000000000001,3,3
22.0,3363.23,48.51,1.0,69.00000000000001,1,1
60.0,13521.76,325.03,1.0,106.0,3,3
57.0,6109.86,125.83,1.0,138.0,2,2
37.0,9975.79,506.83,1.0,45.0,0,0
41.0,13856.18,738.94,1.0,173.0,0,0
33.0,9905.23,180.36,1.0,55.0,3,3
28.0,1547.71,225.1,1.0,35.0,1,1
79.0,7153.72,359.51,1.0,157.0,2,2
54.0,3101.54,720.4600000000002,1.0,44.0,0,0
56.0,1393.14,878.22,1.0,104.0,0,0
57.0,7142.53,291.46,1.0,135.0,2,2
23.0,325.15,878.22,1.0,73.0,0,0
28.0,580.66,98.24,1.0,148.0,1,1
18.0,6149.81,100.48,1.0,104.0,1,1
56.0,5698.25,45.9,1.0,264.0,2,2
39.0,9562.41,258.21,1.0,225.0,3,3
53.0,2038.31,878.22,1.0,211.0,0,0
22.0,187.65,287.51,1.0,255.0,1,1
26.0,8520.08,501.3,1.0,146.0,0,0
27.0,1435.72,26.1,1.0,32.0,1,1
20.0,825.69,436.77,1.0,176.0,1,1
68.0,5803.89,292.38,1.0,224.0,2,2
53.0,3134.47,878.22,1.0,165.0,0,0
50.0,5374.69,25.29,1.0,125.0,2,2
31.0,6852.16,123.35,1.0,10.0,1,1
23.0,1570.22,139.52,1.0,30.999999999999996,1,1
18.0,730.6,51.2,1.0,83.0,1,1
47.0,13185.39,122.85,3.0,127.0,3,3
24.0,3900.3399999999997,161.38,1.0,101.0,1,1
63.0,4891.56,16.055,1.0,32.0,2,2
64.0,7682.0,22.62,1.0,102.0,2,2
57.0,6100.98,126.83,1.0,39.0,2,2
55.0,1562.9,46.6,1.0,68.00000000000001,2,2
57.0,13732.81,243.8,1.0,48.0,3,3
60.0,5790.7,231.51,1.0,96.0,2,2
39.0,1447.35,175.05,1.0,34.0,1,1
64.0,207.1,762.7400000000001,1.0,244.0,0,0
57.0,3077.2,34.03,1.0,37.99999999999999,2,2
25.0,1983.0,16.055,1.0,52.00000000000001,1,1
57.0,3120.1,283.63535643170053,1.0,107.0,2,2
46.0,3052.47,101.51,1.0,199.0,2,2
27.0,8564.46,309.42,1.0,42.00000000000001,1,1
59.0,7950.74,257.6,1.0,293.0,3,3
21.0,1699.81,746.78,1.0,64.0,0,0
23.0,287.46,82.01,1.0,156.0,1,1
23.0,1154.48,476.9900000000001,1.0,187.0,1,1
23.0,4076.4799999999996,320.11,1.0,130.0,1,1
68.0,10628.59,333.39,1.0,35.0,3,3
47.0,7801.32,16.055,1.0,197.0,3,3
53.0,634.16,737.4600000000002,4.0,75.0,2,2
33.0,922.9599999999999,416.55,1.0,73.0,1,1
18.0,5113.438123505975,84.91,1.0,68.00000000000001,1,1
75.0,5670.82,98.95,1.0,73.0,2,2
58.0,6020.85,18.14,1.0,48.0,2,2
51.0,6180.3,878.22,1.0,107.99999999999999,0,0
46.0,3956.6899999999996,215.13,1.0,114.0,2,2
62.0,13869.86,218.57,1.0,102.0,3,3
43.0,4159.52,341.88,1.0,89.0,1,1
19.0,1084.65,691.92,1.0,61.00000000000001,0,0
32.0,9794.26,50.43,1.0,51.00000000000001,3,3
78.0,5123.24,440.43,1.0,22.999999999999996,2,2
39.0,1381.28,299.03,1.0,52.00000000000001,1,1
66.0,11619.1,16.055,1.0,170.0,3,3
31.0,9077.62,173.45,1.0,161.0,3,3
22.0,1824.19,438.76,1.0,73.0,1,1
71.0,4159.33,519.6200000000001,1.0,40.0,0,0
50.0,14352.33,738.6800000000001,1.0,123.99999999999999,0,0
64.0,2156.54,151.14,1.0,37.99999999999999,2,2
51.0,8361.7,75.77,1.0,148.0,3,3
27.0,5424.6,444.52,1.0,17.0,1,1
52.0,11263.89,16.055,1.0,276.0,3,3
48.0,12467.31,97.63,1.0,127.0,3,3
26.0,2531.24,256.95,1.0,71.0,1,1
48.0,6242.03,734.86,1.0,290.0,0,0
36.0,11565.97,878.22,2.0,107.0,0,0
39.0,13586.06,84.28,1.0,142.0,3,3
24.0,1161.84,878.22,1.0,95.0,0,0
48.0,7447.099999999999,202.49,1.0,69.00000000000001,3,3
25.0,1419.31,154.99,1.0,53.00000000000001,1,1
58.0,6142.54,481.5300000000001,1.0,277.0,0,0
20.0,416.37,172.92,1.0,212.0,1,1
53.0,6313.22,275.59,1.0,238.0,2,2
60.0,8092.9400000000005,207.2,1.0,133.0,3,3
31.0,6229.13,136.82,1.0,14.0,1,1
26.0,4976.18,624.0000000000001,5.0,132.0,1,1
30.0,8741.51,283.63535643170053,1.0,28.0,1,1
59.0,7155.04,16.055,5.0,58.00000000000001,2,2
32.0,7473.73,26.3,1.0,33.0,1,1
29.0,2366.3,319.5,1.0,69.00000000000001,1,1
51.0,3051.29,182.42,1.0,137.0,2,2
44.0,6987.4,716.62,1.0,241.0,0,0
65.0,7370.41,222.96,1.0,150.0,2,2
68.0,5010.31,79.77,1.0,167.0,2,2
44.67844382691544,6760.22,431.08,1.0,25.000000000000004,0,0
52.0,9817.05,592.24,1.0,140.0,0,0
52.0,4389.96,200.19,1.0,107.99999999999999,2,2
73.0,6768.14,297.5,1.0,80.0,2,2
51.0,1504.64,345.86,1.0,145.0,2,2
63.0,6486.18,343.88,1.0,97.0,2,2
25.0,835.5299999999999,16.52,1.0,135.0,1,1
41.0,8576.65,162.1,1.0,151.0,3,3
22.0,1593.03,36.12,1.0,234.0,1,1
74.0,3872.5500000000006,354.91,1.0,191.0,2,2
40.0,9129.68,38.41,1.0,117.0,3,3
49.0,2227.49,53.52,1.0,55.0,2,2
44.67844382691544,2619.46,498.59000000000015,1.0,138.0,0,0
23.0,213.0,16.055,1.0,63.0,1,1
21.0,8457.09,189.65,1.0,60.00000000000001,1,1
80.0,6290.62,255.32,1.0,26.999999999999996,2,2
51.0,9522.37,230.51000000000002,1.0,56.0,3,3
61.0,11795.12,237.74,1.0,151.99999999999997,3,3
52.0,5121.36,512.7600000000001,1.0,26.0,0,0
54.0,8356.08,151.37,1.0,53.00000000000001,3,3
25.0,1299.4,85.01,1.0,157.0,1,1
57.0,6062.94,444.4700000000001,1.0,61.00000000000001,2,2
67.0,7588.67,283.63535643170053,1.0,58.00000000000001,2,2
24.0,125.84999999999998,878.22,1.1216216216216217,137.0,0,0
24.0,7047.04,55.98,1.0,87.0,1,1
41.0,7927.2699999999995,54.91,1.0,275.0,3,3
20.0,1889.7799999999997,878.22,1.0,139.0,0,0
26.0,1769.06,393.74,1.0,90.0,1,1
30.0,4575.98,58.94,1.0,26.0,1,1
27.0,9269.67,515.5700000000002,1.0,56.0,0,0
59.0,9749.46,332.15,1.0,105.0,3,3
19.0,123.23999999999998,177.94,1.0,173.0,1,1
49.0,4718.51,68.68,1.0,141.0,2,2
20.0,1171.98,878.22,1.0,84.00000000000001,0,0
33.0,7807.73,240.03000000000003,1.0,30.999999999999996,3,3
64.0,7483.01,168.34,1.0,240.0,2,2
46.0,8494.53,474.7700000000001,1.0,284.0,0,0
29.0,8994.67,451.70000000000005,1.0,103.0,0,0
39.0,4576.78,243.85000000000002,1.0,43.0,1,1
38.0,5859.79,16.055,1.0,164.0,3,3
55.0,2103.41,435.08000000000004,1.0,78.0,0,0
20.0,1046.66,127.78000000000002,1.0,170.0,1,1
47.0,10536.54,23.14,1.0,93.0,3,3
27.0,4860.01,545.8700000000001,1.0,41.0,0,0
55.0,9575.42,21.21,1.0,37.0,3,3
50.0,5453.4,423.53,1.0,81.0,0,0
18.0,1545.64,142.1,1.0,109.0,1,1
58.0,7272.01,878.22,1.0,119.42293906810038,0,0
19.0,1612.4,114.15000000000002,1.0,52.00000000000001,1,1
72.0,6151.05,275.98,1.0,67.0,2,2
27.0,852.1999999999999,590.6800000000001,1.0,22.999999999999996,0,0
42.0,9141.79,152.42,1.0,176.0,3,3
43.0,6425.99,395.77,1.0,118.0,3,3
26.0,214.61,615.16,1.0,140.0,0,0
19.0,229.02,207.82,1.0,30.0,1,1
57.0,1793.09,220.52,1.0,151.99999999999997,2,2
34.0,4437.48,281.47,1.0,142.0,1,1
58.0,3641.06,57.90999999999999,1.0,97.0,2,2
32.0,11481.85,30.48,1.0,78.0,3,3
65.0,7567.17,878.22,1.0,180.0,0,0
48.0,5113.438123505975,453.09,1.0,97.0,0,0
22.0,5491.55,424.47,1.0,116.00000000000001,1,1
67.0,9598.43,228.4,1.0,116.00000000000001,3,3
63.0,14410.44,67.17,1.0,48.0,3,3
53.0,9738.6,284.89,1.0,115.0,3,3
33.0,749.3399999999999,118.69000000000001,1.0,296.0,1,1
27.0,1185.43,221.33,1.0,276.0,1,1
26.0,1584.6,252.31,1.0,172.0,1,1
71.0,1789.8,58.85,1.0,115.0,2,2
32.0,14494.18,194.68,1.0,165.0,3,3
38.0,6368.32,433.5299999999999,1.0,231.0,0,0
59.0,1137.13,178.26,1.0,59.00000000000001,2,2
34.0,5143.8,207.65,1.1216216216216217,98.0,1,1
49.0,14021.4,237.0,1.0,115.0,3,3
28.0,5946.45,878.22,1.0,114.0,0,0
25.0,1400.04,347.63,1.0,272.0,1,1
31.0,11305.81,517.68,1.0,24.0,0,0
52.0,193.06,36.25,1.0,75.99999999999999,1,1
42.0,4468.12,46.53,1.0,34.0,2,2
53.0,1688.9,207.47,1.0,12.0,2,2
43.0,7574.449999999999,199.7,1.0,285.0,3,3
62.0,2637.55,307.89,1.0,90.0,2,2
31.0,3304.02,403.63,3.0,167.0,1,1
27.0,445.21,20.06,1.0,144.0,1,1
79.0,3488.77,236.56999999999996,1.0,112.0,2,2
39.0,7158.58,16.055,1.0,136.0,3,3
23.0,1597.51,16.055,1.0,81.0,1,1
33.0,4186.25,232.35,1.0,153.0,1,1
44.0,6237.68,317.53,1.0,104.0,3,3
43.0,3449.35,74.67,1.0,283.0,1,1
29.0,10235.19,65.01,1.0,67.0,3,3
34.0,8670.23,16.055,1.0,172.0,3,3
63.0,8198.0,364.13,1.0,61.00000000000001,2,2
24.0,1149.74,340.13,3.0,32.0,1,1
69.0,8384.85,16.055,4.0,11.0,2,2
39.0,14466.38,222.66000000000003,1.0,88.0,3,3
48.0,5695.78,638.24,1.0,64.0,0,0
31.0,1220.86,241.21,1.0,107.99999999999999,1,1
51.0,6126.5,171.16,1.0,42.00000000000001,2,2
29.0,2861.65,878.22,1.0,118.0,0,0
27.0,411.78,37.65,1.0,109.0,1,1
68.0,4331.54,25.77,1.0,18.0,2,2
40.0,13948.09,789.8000000000001,1.0,94.0,0,0
20.0,333.19,308.85,2.0,33.0,1,1
27.0,1189.03,878.22,1.0,20.0,0,0
25.0,102.2,806.9700000000001,1.0,11.0,0,0
25.0,1145.23,364.81,1.0,53.00000000000001,1,1
26.0,8704.27,490.82,1.0,114.0,0,0
61.0,6223.26,878.22,1.0,125.0,0,0
49.0,135.96,311.28,1.0,198.0,1,1
51.0,4597.57,85.03,1.0,48.0,2,2
64.0,1061.58,307.75,1.0,63.0,2,2
36.0,9238.08,333.67,1.0,68.00000000000001,3,3
56.0,9404.63,589.89,3.0,213.0,3,3
66.0,13330.74,372.08,1.0,63.0,3,3
26.0,341.24,502.90000000000003,1.0,141.0,1,1
36.0,7044.63,103.81,1.0,34.0,3,3
30.0,9281.85,69.43,1.0,162.0,3,3
56.0,8639.36,110.4,1.0,61.99999999999999,3,3
28.0,4957.57,275.65,1.0,14.0,1,1
63.0,5113.438123505975,336.01,4.0,121.0,2,2
62.0,11796.66,251.79999999999998,1.0,102.0,3,3
59.0,7306.79,334.07,1.0,200.00000000000003,2,2
27.0,3157.75,52.44,1.0,87.0,1,1
25.0,1941.8,878.22,1.0,39.0,0,0
46.0,1019.7699999999999,141.37,1.0,77.0,1,1
50.0,12272.78,211.7,1.0,205.0,3,3
41.0,7892.87,61.39999999999999,2.0,20.0,3,3
60.0,4150.63,308.23,1.0,22.999999999999996,2,2
21.0,1204.11,111.41,1.0,181.0,1,1
61.0,1892.9999999999998,675.4900000000001,1.0,159.0,0,0
26.0,1059.62,29.72,1.0,37.99999999999999,1,1
67.0,990.7399999999999,301.73,1.0,163.0,2,2
60.0,7375.59,294.61,1.0,74.0,2,2
52.0,9403.12,106.43,1.0,164.0,3,3
36.0,5798.92,381.52,1.0,79.0,1,1
25.0,1498.93,878.22,1.0,71.0,0,0
40.0,5434.64,16.055,1.0,33.0,3,3
48.0,9100.81,209.09,1.0,203.0,3,3
47.0,4750.96,521.8100000000001,1.0,34.0,0,0
33.0,8434.99,588.36,1.0,134.0,0,0
20.0,1569.75,146.67,1.0,273.0,1,1
73.0,7132.08,176.52,5.0,94.0,2,2
27.0,1100.64,57.34,1.0,81.0,1,1
77.0,2272.17,294.77,1.0,101.0,2,2
31.0,2287.93,878.22,1.0,59.00000000000001,0,0
64.0,7104.83,162.59,1.0,18.999999999999996,2,2
31.0,13265.92,56.150000000000006,1.0,77.0,3,3
39.0,8292.75,524.5500000000001,1.0,175.0,0,0
23.0,651.8399999999999,535.4000000000001,1.0,110.0,1,1
45.0,7977.78,56.84,1.0,185.0,3,3
71.0,4710.21,135.94,1.0,258.0,2,2
42.0,6308.07,47.1,1.0,178.0,3,3
61.0,7009.54,124.05000000000001,1.0,220.0,2,2
19.0,1973.63,802.8900000000001,1.0,175.0,0,0
64.0,2304.56,193.16,1.0,109.0,2,2
48.0,6087.24,541.52,1.0,161.0,0,0
77.0,3869.3699999999994,20.17,1.0,86.0,2,2
40.0,11147.34,35.98,1.0,133.0,3,3
51.0,2202.21,273.24,1.0,173.0,2,2
67.0,5897.29,663.4500000000002,1.0,147.0,0,0
57.0,3278.65,343.86,1.0,70.0,2,2
69.0,12072.11,69.38,2.0,280.0,3,3
77.0,1441.86,75.43,1.0,266.0,2,2
32.0,7253.22,414.64,1.0,74.0,0,0
33.0,8795.37,86.79,1.0,166.0,3,3
34.0,2636.32,878.22,1.0,36.0,0,0
45.0,6949.21,16.055,1.0,73.0,3,3
23.0,792.33,63.33,1.0,123.99999999999999,1,1
29.0,9668.78,606.2700000000001,1.0,42.00000000000001,0,0
27.0,1381.75,16.055,1.0,132.0,1,1
66.0,4226.26,289.01,1.0,96.0,2,2
18.0,1137.89,338.69,1.0,169.0,1,1
69.0,7885.209999999999,97.73,1.0,156.0,2,2
20.0,9427.06,878.22,1.0,119.42293906810038,0,0
54.0,3679.64,27.61,1.0,26.0,2,2
51.0,3479.56,284.17,1.0,189.0,2,2
22.0,664.9299999999998,76.21,1.0,69.00000000000001,1,1
69.0,624.0899999999999,283.63535643170053,1.0,292.0,2,2
74.0,3254.56,584.51,1.0,75.99999999999999,0,0
18.0,678.8299999999999,432.18,1.0,162.0,1,1
59.0,14852.42,134.55,1.0,165.0,3,3
26.0,5705.4,61.65999999999999,1.0,86.0,1,1
25.0,1846.85,16.055,1.0,22.0,1,1
25.0,677.7899999999998,213.25,1.0,63.0,1,1
31.0,2810.37,34.93,1.0,72.0,1,1
67.0,10631.43,878.22,1.0,119.42293906810038,0,0
24.0,1188.95,335.68,1.0,142.0,1,1
43.0,8374.38,423.96,1.0,75.0,3,3
72.0,4972.92,361.38,3.0,71.0,2,2
42.0,4298.13,220.82,1.0,30.999999999999996,1,1
22.0,514.88,717.36,1.0,138.0,0,0
42.0,10501.53,406.12,1.0,106.0,3,3
47.0,3293.06,427.83,1.0,29.000000000000004,0,0
26.0,9700.9,416.62,1.0,67.0,0,0
28.0,1052.27,21.9,1.0,30.0,1,1
42.0,8375.16,717.7400000000001,1.0,119.42293906810038,0,0
55.0,10135.88,393.68,1.0,141.0,3,3
25.0,225.53,281.91,1.0,269.0,1,1
70.0,1477.63,239.85,1.0,50.00000000000001,2,2
26.0,8932.39,237.83999999999997,1.0,16.0,1,1
64.0,1006.12,459.29,1.0,109.0,0,0
41.0,7516.560000000001,196.49,1.0,65.0,3,3
23.0,319.18,21.23,4.0,103.0,1,1
20.0,966.8799999999999,95.23,3.0,60.00000000000001,1,1
58.0,7447.44,344.87,1.0,25.000000000000004,2,2
23.0,620.28,129.62,1.0,123.99999999999999,1,1
21.0,707.95,16.53,1.0,220.0,1,1
46.0,8586.38,277.02,1.0,227.0,3,3
51.0,6076.45,16.055,1.0,42.00000000000001,2,2
22.0,793.6299999999999,199.02,1.0,185.0,1,1
29.0,6258.63,684.5000000000001,1.0,75.99999999999999,0,0
61.0,10456.24,878.22,1.0,61.00000000000001,0,0
26.0,544.56,45.92,1.0,22.999999999999996,1,1
19.0,151.28,761.7300000000001,1.0,26.999999999999996,0,0
42.0,844.5499999999998,331.38,1.0,122.0,1,1
60.0,7417.69,602.8000000000001,1.0,173.0,0,0
57.0,1029.09,64.12,1.0,222.0,2,2
28.0,899.5199999999999,57.38,1.0,86.0,1,1
28.0,586.76,94.64,1.0,144.0,1,1
19.0,129.79,155.56,1.0,64.0,1,1
47.0,10548.58,301.39,1.0,104.0,3,3
74.0,4384.95,136.31,1.0,65.0,2,2
26.0,1429.61,16.055,1.0,63.0,1,1
29.0,5019.68,429.25,1.0,107.0,1,1
60.0,8274.77,138.54,1.0,93.0,3,3
21.0,935.8800000000001,33.03,1.0,28.0,1,1
30.0,11584.32,76.39,1.0,80.0,3,3
19.0,1642.34,25.32,1.0,25.000000000000004,1,1
36.0,6481.35,330.91,1.0,28.0,1,1
37.0,5619.91,153.55,1.0,16.0,1,1
27.0,1661.1,217.60999999999999,1.0,120.0,1,1
53.0,2958.43,131.69,1.0,59.00000000000001,2,2
60.0,3506.11,878.22,1.0,84.00000000000001,0,0
67.0,6683.31,68.49,1.0,49.0,2,2
69.0,1619.16,878.22,1.0,151.0,0,0
57.0,12470.62,470.62000000000006,1.0,127.0,3,3
38.0,5184.13,385.35,1.0,269.0,1,1
26.0,165.75,74.72,1.0,132.0,1,1
27.0,4846.68,352.03,1.0,219.0,1,1
25.0,1697.58,275.87,1.0,112.0,1,1
63.0,3896.08,90.94,1.0,56.0,2,2
74.0,3651.07,206.25,1.0,56.0,2,2
51.0,4480.43,116.76,1.0,212.0,2,2
47.0,667.6599999999999,91.5,1.0,77.0,1,1
43.0,5595.22,489.31000000000006,1.0,36.0,0,0
18.0,1588.31,878.22,1.0,65.0,0,0
58.0,12709.58,414.49,1.0,107.99999999999999,3,3
30.0,6570.94,315.13,1.0,143.0,1,1
45.0,8892.62,28.38,1.0,260.0,3,3
68.0,11729.51,456.05,1.0,20.0,3,3
35.0,12104.51,277.22,1.0,41.0,3,3
52.0,3495.51,54.84,1.0,123.99999999999999,2,2
68.0,7855.01,29.920000000000005,1.0,63.0,2,2
35.0,8843.44,133.06,1.0,143.0,3,3
29.0,11826.52,332.06,1.1216216216216217,221.0,3,3
67.0,7932.509999999999,16.055,1.0,24.0,2,2
69.0,4710.04,468.3200000000001,1.0,151.99999999999997,2,2
57.0,5113.438123505975,582.17,1.0,135.0,0,0
23.0,1879.8200000000002,245.62,1.0,127.0,1,1
43.0,9018.33,878.22,1.0,112.0,0,0
47.0,13899.24,83.6,1.0,192.0,3,3
61.0,12613.25,331.22,1.0,161.0,3,3
24.0,765.1499999999999,57.49000000000001,1.0,177.0,1,1
55.0,5113.438123505975,85.58,1.0,60.00000000000001,2,2
43.0,7541.160000000001,157.56,1.0,159.0,3,3
46.0,8356.88,230.29999999999998,1.0,24.0,3,3
72.0,1445.47,305.92,1.0,88.0,2,2
35.0,5141.32,878.22,1.0,29.000000000000004,0,0
27.0,1696.15,116.32999999999998,1.0,144.0,1,1
19.0,1806.08,537.71,1.0,175.0,1,1
27.0,5908.04,538.17,1.0,252.0,0,0
42.0,4207.27,219.44,1.0,22.999999999999996,1,1
57.0,8365.37,61.62,1.0,18.999999999999996,3,3
27.0,7261.7,58.77000000000001,1.0,191.0,1,1
62.0,5008.59,538.1300000000001,1.0,165.0,0,0
24.0,4287.82,177.05,1.0,235.0,1,1
63.0,10513.52,403.01,3.0,286.0,3,3
19.0,690.5199999999999,719.76,1.0,190.0,0,0
26.0,1788.27,163.22,1.0,217.0,1,1
42.0,4672.8,242.85,1.0,93.0,2,2
41.0,3677.63,291.22,1.0,100.00000000000001,1,1
42.0,6911.2,56.519999999999996,1.0,151.99999999999997,3,3
39.0,12027.68,195.8,1.0,186.0,3,3
36.0,184.72,66.76,1.0,44.0,1,1
28.0,101.25,190.9,1.0,40.0,1,1
38.0,5771.4,106.99,1.0,151.99999999999997,3,3
55.0,4539.99,655.81,2.0,164.0,0,0
25.0,193.8,107.1,1.0,175.0,1,1
44.0,9138.76,79.92,2.0,274.0,3,3
18.0,941.4899999999999,430.83,1.0,292.0,1,1
26.0,566.83,235.34,1.0,68.00000000000001,1,1
52.0,1550.48,86.35,1.0,24.0,2,2
70.0,9038.63,337.99,1.0,115.0,2,2
40.0,6640.51,577.13,1.0,66.0,0,0
52.0,5400.44,213.33,1.0,161.0,2,2
32.0,6980.98,54.52,1.0,164.0,1,1
44.67844382691544,5209.16,100.13,1.0,168.00000000000003,2,2
53.0,2342.64,878.22,1.0,129.0,0,0
27.0,136.77,69.8,1.0,138.0,1,1
64.0,6860.18,768.9400000000002,1.0,53.00000000000001,0,0
24.0,409.26,179.62,1.0,119.0,1,1
23.0,383.58,425.91,1.0,47.0,1,1
64.0,2411.02,263.34,1.0,55.0,2,2
36.0,6756.13,113.03,1.0,12.0,3,3
42.0,7879.66,16.055,1.0,42.00000000000001,3,3
24.0,9297.5,865.17,1.0,161.0,0,0
51.0,7531.429999999999,152.0,1.0,63.0,3,3
25.0,899.15,270.39,1.0,104.0,1,1
54.0,1431.6,246.41,1.0,22.999999999999996,2,2
22.0,4500.26,336.84,1.0,100.00000000000001,1,1
50.0,6735.74,261.45,1.0,96.0,3,3
73.0,3037.97,99.98,1.0,151.99999999999997,2,2
32.0,9040.33,400.69,1.0,26.0,0,0
26.0,796.63,411.47,1.0,120.0,1,1
52.0,9199.52,204.63,1.0,91.99999999999999,3,3
53.0,8037.870000000001,421.56,1.0,144.0,3,3
18.0,1081.79,193.38,1.0,285.0,1,1
34.0,3812.87,377.04,1.0,64.0,1,1
28.0,940.91,54.099999999999994,1.0,17.0,1,1
57.0,6474.34,18.1,1.0,66.0,2,2
48.0,2498.48,408.62,1.0,159.0,0,0
64.0,9578.74,162.1,1.0,221.0,3,3
49.0,7346.66,165.31,1.0,28.0,3,3
21.0,811.86,267.48,2.0,159.0,1,1
36.0,8579.69,856.9,1.0,150.0,0,0
65.0,9013.1,433.8999999999999,1.0,37.0,2,2
45.0,6863.02,271.22,1.0,87.0,3,3
75.0,2052.84,307.68,1.0,162.0,2,2
21.0,1887.84,348.17,1.0,181.0,1,1
44.67844382691544,6944.9,43.1,1.0,102.0,3,3
26.0,1289.48,557.78,1.0,102.0,0,0
69.0,13777.1,325.6,1.0,88.0,3,3
53.0,4120.75,235.83,1.0,169.0,2,2
44.0,10517.47,603.5400000000001,1.0,26.0,0,0
31.0,5414.97,270.25,1.0,42.00000000000001,1,1
59.0,13542.41,123.38,1.0,40.0,3,3
39.0,5265.88,577.12,1.0,69.00000000000001,0,0
60.0,6937.48,92.24,1.0,93.0,2,2
33.0,12690.79,856.21,1.0,109.0,0,0
48.0,254.75,251.53999999999996,1.0,177.0,1,1
56.0,3382.91,28.63,1.0,146.0,2,2
23.0,1776.91,185.97,1.0,18.999999999999996,1,1
24.0,131.25,243.07999999999998,1.0,93.0,1,1
76.0,4909.24,16.055,1.0,77.0,2,2
37.0,6689.87,232.12000000000003,1.0,51.00000000000001,3,3
27.0,1196.07,198.62,1.0,84.00000000000001,1,1
